Group,POE10,POE12,POE11,POE13,POE14,POE15,POE16,POE17,POE18,POE19,POE20,POE21,POE22,POE23,POE24,POE25,POE26,POE27,POE28,POE29,POE30,POE12.ISOSORBITAN,POE13.ISOSORBITAN,POE14.ISOSORBITAN,POE15.ISOSORBITAN,POE16.ISOSORBITAN,POE17.ISOSORBITAN,POE18.ISOSORBITAN,POE19.ISOSORBITAN,POE20.ISOSORBITAN,POE21.ISOSORBITAN,POE22.ISOSORBITAN,POE18.SORBITAN,POE19.SORBITAN,POE20.SORBITAN,POE21.SORBITAN,POE22.SORBITAN,POE23.SORBITAN,POE24.SORBITAN,POE25.SORBITAN,POE26.SORBITAN,POE27.SORBITAN,POE28.SORBITAN,POE29.SORBITAN,POE30.SORBITAN,POE31.SORBITAN,POE32.SORBITAN,POE33.SORBITAN,POE34.SORBITAN,POE35.SORBITAN,POE36.SORBITAN,POE13.C16,POE14.C16,POE15.C16,POE16.C16,POE17.C16,POE18.C16,POE19.C16,POE20.C16,POE21.C16,POE22.C16,POE23.C16,POE24.C16,POE25.C16,POE26.C16,POE27.C16,POE28.C16,POE29.C16,POE30.C16,POE31.C16,POE32.C16,POE33.C16,POE34.C16,POE35.C16,POE36.C16,POE38.C16,POE37.C16,POE39.C16,POE14.C18,POE15.C18,POE16.C18,POE17.C18,POE18.C18,POE19.C18,POE20.C18,POE21.C18,POE22.C18,POE23.C18,POE24.C18,POE25.C18,POE26.C18,POE27.C18,POE28.C18,POE29.C18,POE30.C18,POE31.C18,POE32.C18,POE33.C18,POE34.C18,,,,,
0,4416502,16121938,9374317,21635286,19725376,16053208.5,11617477.38,8028245.75,2100807.25,1681030.5,1003909.188,653960.875,421992.719,299918.938,228909.641,192500.781,169149.359,113554.406,78114.891,40537.203,34890.055,30347.949,64626.477,73052.227,102328.008,102966.93,91144.281,63179.965,53297.91,32276.578,19857.092,13657.962,34209.34,50993.516,110994.836,236642.063,433025.125,619921.688,793007.938,920121.875,991198.75,896958.813,756497.875,543728.625,459471.594,348065.531,243832.047,161890.688,117936.695,75372.063,54031.633,0,0,8830.92,7784.152,13484.775,7232.849,19599.924,28128.82,27250,31556.596,28398.791,23571.906,16073.095,10290.003,7154.611,0,0,0,0,0,0,0,0,0,0,0,0,0,13556.913,30664.971,40960.555,45607.621,55536.469,61986.43,73592.031,61757.273,54283.848,49887.762,36648.277,24444.221,16429.26,9966.138,0,0,0,0,0,0,,,,,
0,5911778,5741947,6249358,4746461.5,2984565.25,2136572.516,1508576.797,1058560.063,284317.188,262735.063,173687.297,124285.633,98885.531,62854.008,51871.883,50234.949,44009.871,29709.656,27374.404,0,15657.417,146133.719,317212.219,337881.031,463011.406,453790.625,408299.188,283260.156,283211.406,171502.703,114202.375,71666.102,212857.094,460974.938,797125.313,1755041.375,3052994.25,4310605,5252556,6105280.5,6255426.5,5782386,4935769,3659896.25,2866753.25,2162482,1652589.375,1114940.5,810201.25,501309.625,355909.625,0,6017.357,14944.412,19693.928,28313.787,31139.086,43347.262,52563.816,57493.863,57236.176,52026.063,45836.965,38911.563,30775.9,20432.291,15928.179,0,0,0,0,0,0,0,0,0,0,0,17221.086,58545.289,65307.109,80932.07,88017.414,92267.453,102774,105225.742,98128.758,80861.336,70939.891,55841.02,38801.055,32390.051,0,10951.258,7699.778,0,0,0,0,,,,,
0,839485.688,1097768.25,931636.75,1132392.25,857994.063,644588.391,417473,267606.196,67807.391,54146.199,33802.063,21953.74,16670.707,8866.814,11703.168,12210.567,11037.679,12664.834,8316.754,8170.498,0,0,9322.729,0,10198.273,9320.607,7020.12,0,0,0,0,0,0,0,15971.188,18051.17,59935.648,48542.723,86678.234,81137.156,84780.859,63835.434,52383.965,35131.605,24687.48,16235.543,11608.813,0,0,0,0,0,3636.331,7641.925,15724.52,35143.711,35013.871,51597.789,77738.703,85270.867,89734.367,89850.414,81211.633,62809.137,46912.449,37076.43,26764.766,0,0,0,0,0,0,0,0,2326.81,0,0,26409.361,82845.047,115441.344,141593.25,177179.875,186556.641,212601.188,265887.219,250921.859,221725.766,204374.438,164099.141,119102.414,94117.984,56136.828,39267.754,30380.402,25451,19135.217,14436.636,10505.348,,,,,
1,5723128,7304345,6992683.5,6850588,4873159,3937653.938,2784435.75,1798898.906,515941.813,431098.625,219161.219,180521.297,107158.219,86869.688,54330.66,58017.363,45015.371,21889.389,36932.684,0,20787.666,280455.844,524502.375,585735.625,731434.688,664211.25,567942.25,386659.25,278984.531,174152.406,110981.844,67662.156,262437.344,509916.094,853962.625,1936898.5,3244184.25,4770523.5,5690499,6057447.5,6433095.5,5186512.5,4206195,2995477,2218009.75,1534953.125,1134655.25,725109.813,436692.625,239482.891,150406.641,0,4853.88,13022.406,14089.703,16119.441,19017.83,22776.67,24056.74,21832.461,21784.701,23004.281,20105.248,18223.91,12709.469,11438.276,7866.11,0,0,0,0,0,0,0,0,0,0,0,17603.111,46914.59,54378.281,55307.703,54941.563,60759.168,61382.219,55128.422,67224.383,47239.805,45233.895,37814.676,29578.875,20136.947,14999.985,9545.363,0,0,0,0,0,,,,,
0,93136000,93137232,98264384,81884584,52083896,32578520.25,20082680.75,12041040.75,2812136,2204734.5,1392928.75,873989.375,559876.438,390295.813,328280.406,300733.344,302665.813,259418.5,224365.547,152801.234,150398.359,8695.878,18356.023,24799.887,32294.381,31137.5,26356.24,20961.791,14109.599,10013.286,0,0,11824.857,0,32592.854,30703.973,133874.078,192648.344,252076.094,287930.75,327110.781,278980.938,262306.688,191312.156,153755.875,113003.18,84689.859,55323.695,40862.051,23431.943,16214.786,0,0,0,0,0,0,0,0,0,0,0,0,0,0,0,0,0,0,0,0,0,0,0,0,0,0,0,0,0,0,0,0,0,0,0,0,0,0,0,0,0,0,0,0,0,0,0,0,,,,,
0,323018.688,815809.125,547959.438,1011826.375,810794.813,634952.305,485037.703,324222.101,82419.891,69137.547,46507.414,28173.133,21353.461,15419.478,13053.595,10694.444,11003.497,7081.197,8055.892,0,7111.645,7877.076,13946.217,18178.764,15968.679,12703.019,10199.489,0,0,0,0,0,29893.557,45788.496,67855.055,135381.313,205228.594,270862.094,269587,281303.813,234878.375,174139.563,128784.242,75098.57,52635.262,29618.375,15606.893,9280.869,0,0,0,0,4024.47,11938.507,14776.338,25672.348,34830.184,48294.863,58850.477,61415.945,69247.109,68361.18,59135.512,42424.406,30265.85,22400.559,0,0,0,0,0,0,0,0,0,0,0,0,11859.754,37148.848,53286.48,27019.637,92664.969,103892.391,116207.25,134734.578,133854.109,103484.188,89302.109,76822.148,54945.387,39272.535,22776.002,16402.941,10762.441,0,0,0,0,,,,,
0,29264992,57609028,45688916,59373784,46729160,34715536.5,23943683,15080304.5,3568951,2636940.5,1429355.25,822474.813,470173.75,267522.594,167285.703,105657.305,86132.992,62501.039,45526.566,25718.666,17886.271,0,9835.15,11183.352,14410.721,11970.014,9885.437,0,0,0,0,0,0,0,13278.214,9028.65,45215.625,24274.252,72036.758,63142.492,74700.594,59622.832,57406.992,32019.879,32877.828,29291.982,20776.121,15660.888,10291.28,8946.846,0,0,4298.165,11988.419,12752.972,15623.725,17186.961,22403.461,25065.111,25817.996,32569.508,28592.889,26261.322,20178.82,17731.889,19131.592,9348.81,12351.881,0,0,0,0,0,0,0,0,0,0,45184.633,121342.023,153766.156,160438.766,182048.516,203664.594,214515.141,204800.844,207835.906,186231.063,156979.578,136255.422,107094.906,82821.313,60488.684,42388.195,27119.438,21546.83,14608.478,9707.339,0,,,,,.
0,10857640,14776279,13682222,13038858,8575968,6121781.063,4232268.688,2923308.188,762358,666214.938,436354.656,298717.156,197253.469,140059.156,103585,105149.93,122340.117,112489.68,112442.266,51497.816,121370.484,354780.594,775370.375,1105300.5,1492906.5,1478074.875,1380677.75,864714.5,864557.25,517677.188,316864.344,216109.906,242067.797,472764.219,856365.188,2319589.25,4409622,6839961,9441623,12222704,13640802,13339667,11938472,8945554,7351485.5,5422676.5,4131594,2899537.25,2044365.25,1350895.5,989388.063,0,0,0,0,0,0,0,0,0,0,0,0,0,0,0,0,0,0,0,0,0,0,0,0,0,0,0,0,0,0,0,0,0,0,0,0,0,0,0,0,0,0,0,0,0,0,0,0,,,,,
1,334541.313,283283.375,304657.313,222549.5,151021.531,110859.763,85475.326,63625.57,18470.381,21421.977,20568.988,19450.885,16162.571,15503.551,15559.922,15328.393,16096.054,14743.508,14498.146,11035.954,12358.87,0,0,0,0,0,0,0,0,0,0,0,0,0,0,8988.344,21373.215,21009.232,24189.928,24003.035,23592.477,17761.709,13656.904,7853.908,0,0,0,0,0,0,0,0,2890.872,8449.003,13264.6,19692.867,20276.889,28420.504,44261.789,46529.813,51945.59,55151.98,48527.879,39163.742,30866.078,23345.219,16962.664,11288.251,8079.781,0,0,0,0,0,0,0,0,0,8839.19,31245.049,44315.18,57377.406,74329.102,79003.688,91884.211,109794.617,117179.133,96498.055,85643.789,77183.336,56323.824,44086.613,29372.742,19788.236,14858.155,0,7188.68,0,0,,,,,
0,3264111.5,2169884.75,2855741.25,1199379.25,552333.75,258179.988,140127.256,84674.151,29338.846,20751.211,14257.413,8367.664,0,0,7508.805,9161.52,8393.472,12658.639,10771.037,11856.155,9534.894,0,0,0,0,0,0,0,0,0,0,0,0,0,0,0,7782.357,0,13239.192,0,17163.441,8438.54,10839.842,8512.47,0,0,0,0,0,0,0,0,12048.207,27717.684,48548.539,64296.109,82424.031,111458.609,145060.109,177604.125,170003.313,167425.75,176372.563,141502.859,120094.125,94699.383,76935.234,55362.344,40882.273,35063.906,23213.555,17092.467,10477.168,0,0,0,0,0,27535.762,71892.406,107184.75,149063.609,187396.656,214824.156,237776.969,251715.438,285759.125,265427,247207.453,228522.297,185935.391,152650.297,101376.477,89899.016,59822.734,44710.973,31519.598,20256.127,15502.549,,,,,
1,1936331,2638549.75,2402550.25,2713361.5,1838446,1267189.063,803528.219,546305.922,156722.719,116385.617,79144.016,58781.063,40265.453,24443.48,24412.012,26485.203,29455.049,25913.277,29816.469,26270.551,23641.574,7265.76,7895.853,12942.458,15418.516,12838.542,9819.574,9670.441,7373.884,0,0,0,13623.149,17115.758,34004.664,50244.313,97563.578,127617.305,148574.781,155615.297,137479.578,103993.977,92127.727,62002.039,38762.777,33582.141,17523.063,14713.741,8393.723,0,0,0,10081.566,19474.723,23761.699,35119.535,34468.547,48863.516,52503.617,62266,56031.293,54955.988,44637.25,38582.273,33923.906,21663.09,13863.256,9042.547,0,0,0,0,0,0,0,0,0,0,20737.748,61691.73,93659.836,94951.359,109673.313,110726.078,116085.984,120411.258,111744.203,91717.109,84011.547,66440.914,50928.141,37536.605,19992.033,12929.912,0,0,0,0,0,,,,,
0,8262535,6223252,7303530.5,4503698,2487339.75,1573539.875,1028426.141,689945.141,168631.266,138539.844,112201.102,80416.203,64455.938,66728.906,56831.789,54428.297,52439.242,52070.148,39884.055,36241.023,30901.42,38813.934,88432.461,130933.063,179486.141,180285.578,178727.047,130680.281,128464.039,89311.156,55967.801,43722.449,27286.51,29087.225,87545.25,154004.734,367866.938,484333.656,720207.438,893015.375,1042557.813,1029806.375,984296.75,819876.313,733824.75,614619.313,500985.813,392679.75,308699.5,214185.984,151561.094,0,8328.347,20564.918,23951.828,34229.512,38049.059,46045.109,57194.254,54700.988,59260.559,56127.387,50503.09,38262.18,31454.844,21345.99,16760.34,0,0,0,0,0,0,0,0,0,0,0,40180.289,87989.703,95356.375,110384.563,123084.094,121928.906,129021.109,124068.977,112090.203,95723.758,86627.844,72080.156,51674.746,38408.629,24961.281,13523.475,11273.889,0,0,0,0,,,,,
0,19398280,20913110,23236752,14736347,6797253.5,2986610.219,1334131.422,623997.407,127855.711,81223.82,59526.578,52020.961,59362.887,0,60764.125,82354.273,80591.648,90686.883,67550.922,54344.344,33655.629,0,0,8909.349,10188.069,10389.003,8630.929,0,0,0,0,0,7910.044,0,34397.055,28363.881,119972.328,100773.156,240991.734,219144.672,273062.281,217022.219,205448.781,144296.359,124962.664,97053.406,67923.063,42220.813,27139.371,19096,11611.023,0,11279.038,19946.354,26487.377,25002.725,27712.215,29218.223,42226.035,41508.367,40062.273,37328.668,27892.188,24750.727,20047.988,14250.516,7886.288,0,0,0,0,0,0,0,0,0,0,0,45963.484,93128.75,97251.391,109623.625,114272.086,112532.188,113204.992,119145.5,108916.539,85273.883,75833.461,63780.41,44426.063,32990.422,18728.09,14338.473,8577.991,0,0,0,0,,,,,
0,219025.719,304545.688,271428.906,297570.594,207272.266,157667.41,126687.56,107660.543,38809.926,52074.449,51535.891,52325.27,54416.234,60738.902,72090.227,85067.297,92155.492,92034.484,84242.289,66602.414,72664.461,0,0,0,0,0,0,0,0,0,0,0,0,0,0,0,7791.493,0,9906.642,10466.659,9025.754,8387.665,0,0,0,0,0,0,0,0,0,0,1648.029,0,0,0,0,8788.021,16110.238,16898.922,15421.614,0,12561.723,8778.315,0,0,0,0,0,0,0,0,0,0,0,0,0,0,0,12199.873,13988.533,20210.285,20192.729,20411.758,23608.443,28464.99,28745.693,22908.748,19389.506,16359.691,11656.038,0,0,0,0,0,0,0,0,,,,,
1,129706.984,165356.438,154752.203,166340.078,131232.531,98185.11,74955.34,62065.828,29303.977,20820.344,14838.679,8028.253,7171.905,0,0,0,0,0,0,0,0,0,0,8432.229,10432.955,9764.585,8804.112,8816.665,7270.195,0,0,0,0,9228.834,13715.272,24824.564,45618.668,62379.008,75815.516,80003.797,81756.664,64823.91,57619.949,45473.133,33160.652,23517.664,16647.818,12355.981,9699.937,0,0,0,4780.633,10077.345,9837.489,13954.073,13661.095,20562.82,23525.996,24503.943,20125.141,19767.596,20011.623,17874.893,11330.277,8492.462,0,0,0,0,0,0,0,0,0,0,0,0,11857.41,36066.789,40992.645,61522.961,57857.297,62054.859,62291.008,64918.063,59276.188,52183.32,47224.523,35538.621,26776.605,18992.67,11503.805,7413.907,0,0,0,0,0,,,,,
0,51455252,79423368,72410248,80537432,63791716,47173102,32761249.5,21858609.5,5201836.5,4199200.5,2825973,1650801.125,1005026,574607.25,370294.75,269670.375,203136.547,145853.797,112134.594,75225.977,70004.648,38440.93,89555.008,121685.336,172580.688,171020.375,166865.453,127622.141,130677.906,77173.008,50459.344,33336.086,23029.178,47296.871,84514.086,208553.766,401227.719,619421.375,841022.313,1059727.375,1252918.25,1155559.125,1090220.25,854000.063,688714.625,547576.625,437190.875,318674.219,234989.719,161869.188,113646.469,2536.394,7497.169,36008.887,50819.426,63322.484,56283.727,78360.875,87976.055,83408.781,81226.242,78814.086,66636.047,53390.195,42817.879,30366.416,20588.014,13975.925,8774.087,0,0,0,0,0,0,0,0,0,13785.178,40290.5,51091.836,55593.602,61368.816,60239.703,61262.488,61514.129,52197.633,46923.77,45718.422,33143.738,29149.104,20039.959,0,8559.912,0,0,0,0,0,,,,,
0,1896468.25,2659187.75,2267008.75,2653430,2089358.125,1710810.5,1324007.438,976614.219,296006.875,257324.859,171171.109,127120.602,86575.281,68250.875,51710.523,47007.797,40466.535,28563.309,34549.379,0,27113.215,214053.141,444786.719,605116.563,779820.938,735117.125,696347.75,440229.031,374351.438,269353.094,175611.703,114783.102,256487.094,527193.063,788275.25,1543118.75,2681839.75,3750801,4352288.5,5011866,4825541,4127701,3474739.5,2481163,1911904.875,1416957.25,1055900.5,695500.563,485278.656,342848.688,244654.016,4847.177,20089.549,45467.48,56498.953,86875.102,85641.375,101888.375,131310.453,141956.688,147635.406,140793.688,126188.07,101085.367,82439.344,58628.313,42800.555,29086.273,16264.198,13436.354,0,0,0,0,0,0,0,0,89354.609,240792.25,286695.25,310797.313,353927.969,327149.031,374148.406,341897.969,324767.813,277908.469,235404.813,202145.516,143971.781,109746.422,69362.227,43302.156,24432.219,17970.314,10408.042,0,0,,,,,
0,10994120,15814321,14675698,12434981,6366135,3235469.063,1563778.281,791438.391,136370.703,105218.164,68908.883,38551.625,26542.24,16398.236,12306.595,10797.9,10031.724,8268.816,7852.305,0,0,0,8012.244,8214.509,11065.205,8203.719,0,0,0,0,0,0,25586.273,35522.906,47999.473,78343.883,121690.195,138731.469,137309.125,122098.789,105458.805,67928.75,44851.273,28632.006,20090.744,12906.007,8019.853,0,0,0,0,0,2702.778,26625.318,32285.4,48020.695,60032.949,94922.039,140942.141,152936.469,162461.891,167711.453,135156.547,109062.742,89401,61258.438,45324.273,26826.004,0,7797.841,0,10429.809,0,0,0,0,0,2450.064,36879.379,132413.484,192840.281,233613.703,285371.625,354544.219,421587.406,543174.938,512397.781,432302.625,402688.625,328589,225823.656,170982.219,93266.617,64121.422,43811.609,34536.898,23547.164,18414.746,11136.479,,,,,
0,308863.156,274937.188,288476.75,240140.156,171173.672,112215.748,77737.94,52837.47,16912.783,17584.48,11809.039,8686.839,0,0,0,0,0,0,0,0,0,0,0,0,0,0,0,0,0,0,0,0,15015.039,22587.387,24563.443,42409.727,61071.496,69266.461,63577.414,56679.191,47852,35289.414,25782.814,11568.056,9533.234,0,0,0,0,0,0,3086.252,27398.908,87913.93,126923.742,183143.75,188973.359,248171.344,344163.156,349559.688,364427.281,343076.531,276753.813,202966.828,155461.156,106288.883,71949.188,39487.969,22832.037,17882.781,9371.999,0,0,0,0,0,0,0,138793.734,356306.5,455573.688,584120.875,688712.625,752808.563,817624,928896.375,860896.313,669505.125,620047.563,491819.031,325077.781,242115.969,122839.555,85481.375,50345.527,30063.629,19732.342,0,7318.651,,,,,
0,4574764,13398634,8590862,15330504,13037704,10372951.13,8121115.75,5466426,1385237.125,1430624,900740.375,596219.938,355123.625,196046.891,142500.094,90932.484,79839.195,46772.254,35719.641,12629.357,31688.15,289639.438,500160.75,638612.938,868468,681481.375,816936.125,615660.438,569130.875,333361.906,231287.828,168628.703,747590.188,1335999.625,1797780.625,3765660.5,6066541.5,7401354,8203518.5,8017616,7248637.5,5836102,4786093.5,3231043,2493994.5,1748077,1402553.125,959922.625,658839,384134.656,270215.313,0,4066.502,16520.768,20941.234,19083.908,27096.564,31052.064,42917.031,54272.418,46619.762,46267.508,41037.645,40416.277,35482.027,24213.16,16424.52,15120.103,9823.932,0,0,0,0,0,0,0,0,0,15170.68,54534.418,75867.25,98824.438,116259.047,133075.344,150340.703,142699.125,148952.266,133136.719,131479.625,103802.57,84050.594,64883.188,46427.281,28603.504,22496.27,17405.156,9081.313,9038.661,0,,,,,
0,314779.031,316141.375,318959.094,271735.719,183699.719,130873.029,89554.991,69831.6,14567.513,14114.781,14837.771,13291.738,11382.719,8276.458,9719.573,8493.106,8609.185,9845.503,0,0,0,0,0,0,0,0,0,0,0,0,0,0,0,0,0,0,20275.314,12450.34,36323.762,28107.383,39212.82,28286.375,27090.373,18904.803,15054.502,12981.51,8111.028,0,0,0,0,0,8334.478,0,22335.436,32389.063,28697.74,36451.953,43918.344,40373.336,40237.77,43001.563,41764.82,32277.869,22593.521,14905.296,12424.197,0,0,0,0,0,0,0,0,0,0,0,34534.41,82946.43,97203.984,92962.008,98631.086,101461.898,95234.602,92608.875,94816.797,71136.164,61423.578,57771.742,40407.055,25101.957,17865.197,9575.164,0,0,0,0,0,,,,,
1,101055.906,115224.242,93310.078,107520.359,90370.492,68153.504,55439.094,40736.122,16537.348,19197.221,15024.465,11030.526,8650.323,9131.42,8338.325,7486.569,0,7580.801,0,0,0,0,0,0,0,0,0,0,0,0,0,0,0,0,0,0,11902.481,12470.623,18003.535,17628.391,17498.584,13627.244,12208.374,0,0,0,0,0,0,0,0,0,23002.693,60523.211,60026.402,69167.344,69430.625,80616.992,94179.836,86990.891,84248.813,82645.969,65274.051,46979.32,36630.645,19004.525,0,10508.319,0,0,0,0,0,0,0,0,0,0,86240.07,227273.625,244555.813,260552.484,287048.125,260021.656,247526.328,266603.469,217786.672,173378.156,159082.984,132816.016,89493.586,69693.531,37475.387,28698.357,13814.365,7990.512,0,0,0,,,,,
0,3917505.5,14119612,8141252.5,17600820,15265893,12827824.25,9493173.75,6796061.5,1714636.125,1349110,872588.188,517926.156,345952.531,223210.641,145262.063,100376.969,87014.672,60386.063,44431.602,20473.154,20372.34,63938.227,131260.891,193510.313,256779.719,244488.875,220010.125,157437.328,144118.781,101811.203,63349.824,43069.141,51437.016,81205.609,157942.672,310161.094,576015.75,851379.625,1165552,1460967.5,1697685.75,1591503.625,1437528.125,1182099.875,1005710.688,813497,676220.938,488168.906,371336.688,238440.078,184322.344,0,4140.771,16989.146,15812.685,25962.352,28352.111,33933.492,44115.004,44230.969,44293.516,45890.684,40272.066,34631.77,29484.373,22519.922,15304.443,12105.426,7069.929,0,0,0,0,0,0,0,0,0,20349.953,59982.09,79429.875,91915.25,99759.195,104657.211,107063.719,108355.078,97036.883,84971.484,79970.906,64182.809,46745.258,37905.531,25571.064,17399.779,9823.86,0,0,0,0,,,,,
0,730835.313,2071905.25,1348283.375,2223008.75,1746429.875,1368264.188,991016,636625.922,199467.766,145999.906,111353.797,90460.188,71075.07,66134.07,58575.949,39503.848,66859.805,0,56634.84,0,37716.84,116221.516,179027.516,215906.203,229003.984,209102.516,164929.109,97364.852,63588.934,35480.168,19880.645,10145.077,526583.938,884341.188,1169598.625,2151238.25,3143459.25,4000796.5,3691910,3552702.5,3068509.75,2155083.75,1477590.875,980280.125,617750.813,382149.563,251046.125,139324.219,75573.891,39770.242,22840.473,4714.631,34771.656,87688.883,94884.367,97017.25,122173.398,126493.313,145495.516,146113.578,143947.938,130808.883,107337.156,92024.07,65378.629,49668.418,30506.01,21617.582,15341.415,10869.131,8238.372,0,0,0,0,0,0,0,160419.891,389646.906,427627.094,484807.688,514316.469,467964.188,465705.313,445353.188,387649.906,346037.063,301214.406,229273.781,169430.469,128066.766,77336.734,47970.25,31729.014,22946.945,14394.531,9197.85,0,,,,,
0,621303.188,1814461,1253967.625,2131429.75,1654949.625,1221969.828,925216.329,631807.781,198407.969,154985.125,106705.68,92301.664,72631.016,60309.715,67069.102,45046.629,71260.555,20374.688,48995.805,0,40250.059,115692.008,183182,208069.078,221344.328,225828.844,153514.594,82360.875,64008.785,30785.121,12611.152,10595.95,540575.438,843237.875,1117850.625,1997727.625,3127334,3755918.25,3680381,3480802.5,2851907.25,1941279.25,1473398.5,938241.375,565415.625,326803.313,227225.469,130217.367,72617.508,38533.711,20257.811,0,5147.125,18287.676,27852.168,28715.824,32151.178,33982.711,41125.125,47820,42555.531,38382.023,29222.777,23475.783,19997.469,15553.465,9910.564,7453.535,7254.342,0,0,0,0,0,0,0,0,0,22532.117,52295.855,85743.047,99481.945,106942.141,108358.039,113633.648,106915.125,99340.063,85472.203,76874.102,67532.492,47253.445,36370.723,25167.299,18132.15,7995.231,9465.521,8524.016,0,0,,,,,
0,941301.625,3247887,1860239.5,4023306.25,3548186.75,2720441.156,2233853.469,1506622.844,489218.156,484073.719,264653.938,149684.547,81540.648,44969.563,32612.516,21483.912,20985.002,14048.541,8240.147,0,0,0,9952.404,11616.792,14708.022,10488.92,11309.297,9277.755,10381.003,0,0,0,0,7442.578,15496.08,30749.711,65385.645,109197.938,144577.641,144411.078,150277.391,125709.063,114463.969,75997.992,55079.484,46711.637,30202.473,19141.146,12363.507,7955.673,0,0,1713.221,0,7357.533,8370.354,8029.763,10270.075,13760.502,13317.17,13221.058,11783.522,11289.896,7463.13,7212.01,0,0,0,0,0,0,0,0,0,0,0,0,0,7110.007,17871.945,27286.824,34214.398,39559.691,38960.449,41042.109,40892.355,37203.68,31342.469,26203.758,21265.801,15519.2,11206.23,7223.375,0,0,0,0,0,0,,,,,
0,2008715.5,3002832,2505926,2986139.75,2207178,1660992.547,1143007.922,796578.313,199603.109,187096.219,135778.375,107827.82,104247.609,99898.633,93972.602,104995.281,111093.148,69110.32,86342.461,23749.584,74541.695,111599.039,225789.766,273633.094,340575.625,240532.5,208316.688,121171.484,97507.156,59537.008,34758.063,26525.563,540660.75,928257.875,1366966.375,2785772.25,4231670.5,5880138.5,6176886,6534088,6226194.5,4557030.5,3571208.5,2200496.25,1612433.75,1029462.438,716730.5,430881.375,303907.313,182067.703,118688.641,5136.753,59293.352,209406.969,380054.75,638156.125,846341.063,1534375.75,2455696.75,3158599,4041630.25,5395677,5994745.5,6102645.5,6264799,5953048.5,5636287,4622587,3553828,1612324.375,1703373.625,2810991.5,2361970.75,1741534.875,1287226.875,348726.531,849972.563,500042.594,165635.406,571069.813,835365.625,1199723.25,1522052.125,2311904.75,2789244.75,4191259,4574131,5124912,5919768,6670752.5,6349562,6537934.5,4949272.5,4610437,3859556.25,3725665,3165917.5,2462902.5,2272185,,,,,
0,403764.625,1755349.875,896081,2504288,2323130.5,2122629.844,1752707.969,1371604.094,483854.188,365666.281,238249.5,193720.219,113420.07,64968.348,57466,44584.789,27001.27,17082.98,25517.816,0,12340.737,146492.406,270022.125,377873.594,497056.938,486498.938,464827.563,365793.219,266266.844,188570.766,110299.297,83462.328,162049.453,321311.25,506776.656,1317318.75,2306375.75,3545795.75,4413610,5610212,5950596.5,5155904,4494443.5,3280910.5,2661974.25,1959462.25,1487071.75,951266.313,621376.375,393560.969,254285.75,0,2046.618,0,0,8363.649,10296.83,12335.588,13844.526,17058.131,16047.851,16685.332,14685.744,12568.459,10318.38,7241.446,0,0,0,0,0,0,0,0,0,0,0,0,7470.978,19027.475,23909.904,32932.863,35184.125,39112.992,43690.242,45872.609,46026.18,37077.313,29668.643,27957.359,21326.445,14750.804,9372.178,7945.351,0,0,0,0,0,,,,,
0,837985.313,1740831.75,1211604.25,2038777.25,1686123.875,1376876.422,1033015.188,701865.047,193566.063,160954.453,101628.664,62497.875,44540.23,32439.65,23003.061,21401.217,19003.914,16666.563,15670.557,12019.778,11052.211,7073.423,13937.315,19164.945,26474.461,27107.564,26497.754,15505.243,14076.975,10210.143,0,0,7196.278,0,16104.814,26478.338,64610.137,86098.531,115376.672,136397.906,148534.063,134934.969,117096.539,89367.672,70146.094,57332.969,42225.176,28757.547,17803.648,16605.586,8141.381,0,7263.991,25916.898,38429.941,51266.078,45727.855,72441.781,104747.219,116390.211,122160.813,123952.07,95027.031,74845.336,57396.008,40175.035,27196.012,16880.355,0,0,0,0,0,0,0,0,0,0,42675.059,64231.91,147586.484,177102.406,208235.609,250533.734,268068.875,319708.188,288571.656,238958.563,201185.281,167557.688,115993.898,80154.984,48744.344,29463.68,18989.348,10128.96,0,0,0,,,,,
0,443294.219,1276734.625,682627.375,2196609,2611320.75,3274558.938,3819755.313,3987016.125,1673114.75,2083153.5,2022421.625,1812266.75,1498715,1284622,1052608.125,829349.875,577901.875,349908.844,189522.328,95467.953,65522.238,23631.639,43438.203,64964.516,96967.633,78801.219,95151.891,54772.66,65877.648,44356.43,25186.443,18255.375,15636.944,32396.564,48923.16,107816.563,192402.406,250515.609,333977.313,404390.5,429761.656,440896.469,376803.063,318670.25,279779.188,214656.547,172804.375,130057.094,108164.078,76160.344,59399.879,0,2641.626,0,8115.216,11828.467,13367.099,17990.184,23770.068,25004.629,25380.834,25623.76,19797.068,15590.68,10355.875,7003.838,0,0,0,0,0,0,0,0,0,0,0,0,0,24872.645,25596.055,33878.414,45588.547,50638.844,60400.246,64117.309,57787.375,53664.711,46469.793,33764.293,25112.516,17399.289,9657.238,7027.05,0,0,0,0,0,,,,,
0,719295.25,2768560.25,1496331.875,4050059.25,4110392.75,3809099.438,3477479.625,2770161.625,932496.688,638362.813,593769.313,393150.031,234014.016,112826.617,83204.258,63502.746,44706.453,32912.418,29445.623,15372.564,17432.852,359853.531,740592.25,1065207,1349887.375,1507104.25,1632850.5,1051803.125,752456.125,562642.313,318951.156,212026.828,146147.406,330611.688,612380.688,1047795.063,2004368.25,3487919.75,4157074.25,5156765.5,5387622.5,4886540,4287894.5,3346743.5,2631630.5,2006739.375,1616103,1066123.625,759139.188,469479.813,333760.969,0,3876.82,10009.042,12602.423,13081.491,15536.242,17456.197,18181.729,14080.543,18741.479,18174.588,15976.229,11189.751,8494.185,0,0,0,0,0,0,0,0,0,0,0,0,0,12963.501,37052.996,45533.871,54153.969,52968.48,53300.395,55515.734,60308.598,55548.199,47876.945,41892.469,32698.637,25261.729,20166.783,12521.935,9461.774,0,0,0,0,0,,,,,
1,3342536.25,11348384,6520847,14190697,12177213,9640272.75,6890903.375,4530340.5,1153385.25,794232.063,502046.906,292378.25,168813.094,110036.688,69076.992,54370.078,46931,34451.914,41815.938,7869.464,29814.928,179883.234,346244.531,430512.844,517080.094,433067.438,373012.844,240353.063,218685.844,132091.453,93193.844,61534.469,100691.836,181050.047,260593.281,614283.563,997385.063,1499361.875,1883737.875,2352326,2412993.25,2272590,1966159.75,1444739.125,1259751.25,1013292.313,841413.563,635627.938,504682.219,354903.625,281958.563,0,2452.688,29786.396,39812.09,59289.141,33907.234,87093.844,118751.781,121080.43,129347.406,133488.797,119405.609,96311.219,78278.32,56597.73,29379.457,33176.238,0,10454.869,0,0,8902.266,0,0,0,0,0,14905.727,97186.383,141101.125,200033.328,221991.859,261968.797,291088.031,334576.688,318382.25,296389.031,262207.719,226401.125,179360.656,140681.922,98689.578,73451.398,47672.094,44239.129,32667.275,19542.379,19874.482,,,,,
0,834693,1238943.625,912902.875,1678262.75,1883014.375,2146465.563,2323683.781,2476558.75,854915.438,960178.938,995400.688,866033.813,773854.063,663082.688,525929.25,407781.531,307101.969,175096.484,92339.523,43459.328,55681.59,40100.391,128096.492,221817.25,437017.656,539765.063,648329.875,632026.125,763470.938,668332.938,562856,544119.375,27572.266,24524.391,69286.539,90958.133,212366.109,249619.297,369198.344,412899.094,496119.719,533145.5,558909.125,536690.188,581977.563,604085.125,633049.813,602462.688,587715.375,530172.313,538319,0,1874.283,0,7652.074,7752.457,0,0,8840.472,9047.397,9594.52,0,10470.727,0,0,0,0,0,0,0,0,0,0,0,0,0,0,0,7393.521,18730.924,22938.719,26939.402,28946.975,23080.744,26411.26,25353.992,22892.396,21843.262,18050.082,12586.188,9890.658,9139.884,0,0,0,0,0,0,0,,,,,
1,10120199,8986562,10965895,5673905.5,2480490.5,1224771.876,570064.047,282399.406,80032.547,58733.949,41180.301,36590.926,32435.807,34506.602,34272.777,34950.512,36150.48,39996.391,37901.363,33708.871,35187.285,8910.486,20888.533,23634.006,32129.867,24895.867,23227.064,13934.762,8451.786,0,0,0,25952.686,37274.23,71169.922,145302.75,267154.406,361555.813,435482.25,459836.531,436431.969,377838.469,295696.406,187132.656,134604.969,82750.711,50300.59,25695.07,17460.633,8809.749,0,0,6665.932,16532.689,20405.918,28841.879,31034.545,45385.652,53752.316,60567.648,59355.145,52974.902,50909.152,44892.551,36274.848,14426.203,19834.842,11463.75,0,0,0,0,0,0,0,0,0,0,12666.966,35893.848,46167.465,51376.957,58959.238,58288.156,56744.707,56844.805,56990.273,42369.93,36554,29806.504,25906.787,16690.072,7935.051,7267.854,0,0,0,0,0,,,,,
1,2114240.25,8951076,4888505,11705466,10048902,8412316.875,6340486.625,4215282.125,1178282.5,856150.125,594666,343032.906,230853.969,151312.125,120486.055,92777.586,74590.125,51299.945,39489.852,29158.902,18190.084,0,12039.468,13812.52,17493.191,13281.757,15994.318,9484.206,0,0,0,0,9667.871,0,26513.908,32247.854,89295.242,80580.906,127665.695,116953.43,127803.633,102246.609,88217.047,55164.578,45106.715,32327.117,24809.02,14757.846,10813.225,7664.193,0,0,9765.811,28611.342,41134.84,49454.762,54704.445,74620.125,92457.25,102848.68,108790.664,103665.203,90944.875,73539.867,52231.359,40493.867,27187.637,13116.139,7534.329,0,0,0,0,0,0,0,0,0,53529.969,154030.328,197639.875,235254.203,274380.031,278497.5,312678.469,351480.219,322175.5,252426.938,224354.391,191760.969,130598.305,95034.781,57878.148,33391.586,19799.781,15561.651,7393.279,0,0,,,,,
0,290034.063,573074,415999.406,655950.563,566108.563,518169.258,410796.262,310362.618,86548.461,82698.156,57779.27,46674.691,44336.719,41246.316,44060.125,53252.902,55656.496,53240.012,57686.465,40460.734,41169.969,24418.75,52012.344,63844.156,90100.242,93951.391,78655.867,50431.809,50757.355,29974.133,18803.021,13865.789,23057.014,42941.352,98432.016,208423.953,404050.719,584773.938,758371.75,941081.188,1045967.5,958336.438,846725.938,660802.5,513500.625,364177.688,299878.469,184935.016,137590.531,92093.539,56821.215,0,2389.017,0,0,7167.674,8690.402,10477.802,12277.038,9566.321,0,12354.732,8551.429,7579.393,0,0,0,0,0,0,0,0,0,0,0,0,0,0,9319.544,17240.914,27254.311,25922.947,30022.295,27991.326,29211.945,28091.17,26098.527,24758.693,19172.512,15166.695,12391.129,9622.943,0,0,0,0,0,0,0,,,,,
0,28398104,52737468,37620820,55665540,45244104,37789790,29221768,21154917,6343101.5,4908602,3512776.25,2261673,1344601.125,715413.25,390603.281,209732.75,111535.164,56710.266,34368.992,17853.73,12031.701,12148.853,23044.658,32898.375,40221.684,28046.643,30026.143,19500.201,23751.15,9291.887,0,0,17811.623,33680.539,54279.02,110643.898,225002.859,311600.875,361097.063,406718.156,461320.281,353406.719,297989.906,227286.547,178076.516,126029.82,99791.242,59841.941,40114.078,24350.91,14355.48,1779.126,9678.729,26405.75,32032.344,36690.25,42314.02,59389.793,62470.996,59392.82,50772.828,61182.633,51480.668,45256.195,36521.863,26609.619,20600.74,16039.966,12910.959,0,0,0,0,0,0,0,0,0,48787.969,111037.602,122430.078,128830.836,146774.922,140288.578,131145.438,132377.672,124040.406,104661,96405.438,79838.555,61287.32,43774.43,31120.484,21178.684,11645.675,11030.746,0,0,0,,,,,
1,3703457.5,2260924.5,3270034,1556321.625,776318,487220.578,315873.633,221281.297,70365.156,51467.293,45735.676,25561.881,23164.748,21065.365,13232.433,11182.603,11345.622,0,0,0,0,15189.632,35764.34,43620.359,56599.121,61806.207,57718.656,48557.289,33770.047,25154.934,14052.574,10253.32,29185.32,39010.113,63938.75,133274.25,230288.516,283233.406,374578.813,375761.469,355589.063,310724.469,258054.734,194112.203,146230.672,106462.531,93469.359,65376.996,45915.203,24391.996,17803.67,0,2178.827,9309.812,15989.307,17195.926,18646.209,23624.842,23938.686,27916.074,27715.318,22116.301,22685.754,14462.034,11703.172,8320.732,8787.818,0,0,0,0,0,0,0,0,0,0,0,48430.695,165150.813,239436.484,250054.828,280954.031,259731.188,224847.344,197092.094,157576.328,103354.148,81086.68,58883.875,39643.359,31362.467,15345.546,11269.004,9239.673,0,0,0,0,,,,,
0,4181950.75,6106283,5303858,5930834,4082210.25,2699340.156,1685655.281,905618.829,180705.875,109613.195,62113.566,31572.547,19563.914,11106.672,11595.814,0,9167.533,0,7220.999,0,0,255655.109,444781.375,448470.406,399218.688,282571.594,217196.406,123878.844,87697.938,43654.887,26273.408,18382.557,1935487.625,3137425.25,4786260,8421037,12151252,15257065,14888774,13316357,10891917,7731143,5151518.5,2764577.75,1775484,1004444.75,577922.688,301261.219,174974.953,86277.469,45566.77,0,1652.699,0,0,0,0,0,7158.941,7430.449,0,9180.508,7303.061,0,0,0,0,0,0,0,0,0,0,0,0,0,0,0,0,14228.703,18429.768,21001.611,22604.922,17743.299,22339.984,20942.396,15026.78,15866.318,12942.345,10772.433,7917.214,0,0,0,0,0,0,0,0,,,,,
0,347619.344,959430.125,582200.75,1244390.875,1067988.25,864903.313,628667.133,418900.719,118939.938,93991.672,60306.75,43046.207,28002.57,20079.365,18145.877,14371.892,14494.83,0,11673.79,0,0,56288.609,102301.836,110741.727,125264.164,91098.742,68813.336,43394.633,34439.398,16526.975,11788.053,7209.508,305167.594,488968.188,718204.875,1270176.25,1979684.25,2368166,2243145.25,2303959,1945673.125,1461027.75,1040573.125,620454,411815.906,246936.172,162294.344,92082.055,56300.676,31514.029,17663.893,0,7856.958,18255.771,20173.264,24877.166,25842.131,27495.764,32562.406,33229.281,33862.621,33751.457,27930.623,19625.287,16486.324,10376.82,8047.749,0,0,0,0,0,0,0,0,0,0,0,40389.535,85716.891,104963.156,113298.047,121164.195,121084.297,112368.367,119544.148,108123.891,89241.352,83813.625,63410.793,46286.602,35141.434,17956.799,12154.294,0,0,0,0,0,,,,,
0,58869868,99492640,87728768,99952952,88840328,94792520,79144526,56498982,15468692,10405080,5648300,3020038,1355217.125,631711.813,294636.281,127621.328,73276.219,9633.407,16864.752,0,9139.81,183625.766,261743.297,277041.969,253138.063,201605.875,150559.75,79413.641,71428.648,36601.43,25473.357,22640.762,1247197.875,2229908.5,2807891.25,6338577.5,9097843,10384701,10675133,9565574,7716272.5,4926260,3428549.5,1849330.5,1194870.375,646538.563,405610.781,200410.531,119518.578,52584.211,34524,1605.161,12342.654,31287.084,42042.883,43494.301,55980.398,61433.676,70697.859,83466.266,78325.727,80610.938,70358.07,64709.742,52661.871,40382.063,28654.992,21516.424,14484.061,10965.63,8007.244,0,0,0,0,0,0,0,53501.008,132310.625,189605.828,170423.953,201324.078,190311.438,229822.844,217399.984,209720.953,180342.969,167583.953,143586.484,108509.102,90152.523,63283.625,41276.09,27039.934,19509.768,13086.118,9929.132,0,,,,,
0,417229.313,1011205.313,696568.375,1237463.375,1116103.375,911608.141,761220.016,544885.344,199238.688,156414.859,114768.07,81897.844,62226.805,44657.484,33942.547,40879.629,49801.133,45908.832,55953.57,38901.191,45674.004,111590.938,217369.188,274326.906,379067.5,361734,327826.563,275964.313,241963.5,119590.227,81640.305,57908.449,135625.172,297116.781,384073.719,931695.625,1626233.375,2131874,2491576.5,2854348.5,2970876,2525078,2106054.25,1564028.625,1175332.25,843465.875,687865.063,468429.813,276264.375,171606.063,105554.477,0,0,0,0,0,0,0,0,0,0,0,0,0,0,0,0,0,0,0,0,0,0,0,0,0,0,0,0,9963.28,9531.999,10002.939,11777.759,12623.143,13169.651,13054.803,12467.364,10927.895,11396.171,7226.453,0,0,0,0,0,0,0,0,0,,,,,
0,640288.375,2358453.5,1287960.75,3173626.75,2965933.75,2755053.469,2436704,1953243.5,545920,578673.813,476594.406,338540.25,226824.422,170090.891,106656.898,66524.359,64744.234,23212.619,19005.684,0,15488.943,403218.125,776629.938,1306217,1719195.5,1921293.25,1697756.125,1475012.75,1535883,946701.375,706514.438,446039.094,348438.125,811708.813,1198304.875,2893123.75,4985011.5,7005771,8485344,10353939,9806214,9614363,8639850,7116804,5628691.5,4357353,3811103.5,2629166.25,1956499.375,1366029.5,1009863.813,2672.582,24019.053,58734.254,73642.641,75745.758,98204.25,121392.844,144558.813,165666.391,170055.188,169906.406,156469.313,141458.891,128372.5,111658.695,92937.984,66051.063,55490.453,42813.355,29045.703,23634.621,17377.748,10728.426,0,3472.862,5130.758,0,88599.063,217152.641,312779.875,369081.188,359387.656,418941.313,474985.563,505166.688,483068.25,462302.594,455735.938,394184.781,340440.219,285685,219902.703,171397.047,128841.039,93265.352,65344.719,48884.945,31219.248,,,,,
0,22908222,84211008,51623096,99829776,96389696,94065995,75391633,55327315,14154052,11513148,8038399,4377457,2421391.5,1201210.375,583794.563,306117.188,142855.656,58596.188,25482.324,9314.434,7926.324,0,0,0,0,0,0,0,0,0,0,0,0,0,0,0,17366,15718.753,27749.223,0,29007.279,0,18087.525,0,8419.686,0,0,0,0,0,0,0,13535.64,51121.012,59606.531,75376.219,88475.008,114614.523,143528.188,160287.922,161870.047,158143.281,130714.711,98928.203,78930.969,50953.898,30347.756,0,10972.825,0,0,0,0,0,0,0,0,0,47597.703,143284.563,187717.141,230560.625,267871.938,267070.875,289337.906,336629.781,320079.219,267912.125,240456.734,191039.031,131712.031,96550.539,49364.887,31006.738,17196.732,10419.476,0,0,0,,,,,
0,28626868,19737996,23922350,12237521,5587647,2572486.656,1183161.954,574671.375,115090.266,88729.5,62226.289,42605.422,42080.238,43816.988,45568.449,53291.973,66679.273,71863.414,86247.953,88260.672,110450.578,0,7756.545,0,7904.487,0,0,0,0,0,0,0,139490.031,171659.141,118749.078,221182.031,268902.969,227472.156,203858.906,163600.813,124240.102,80372.891,60889.477,36829.617,24492.822,19313.283,12576.924,7237.431,0,0,0,2870.5,27290.15,88783.594,110158.648,172656.359,171531.938,265609.375,377808.531,418025.969,465883.406,449932.688,400052.094,290649.25,229249.047,166782.094,111146.375,65293.672,19715.809,15411.089,17396.125,11649.756,0,0,0,0,0,0,137560.969,428331.813,552709.938,666621.438,811234.75,855492,999553.313,1137970.75,1084553.75,913084.625,844507.688,698640.813,494482.656,354329.313,190844.047,126607.414,72455.922,47887.098,30611.73,16312.339,7264.356,,,,,
1,489835.531,1125059.75,813910.938,1241493.75,971579.875,748713.001,598670.836,472969.891,160355.891,114510.984,71997.891,52638.313,32852.5,16691.32,9339.998,10819.012,9576.998,7163.394,0,0,0,0,0,0,0,0,0,0,0,0,0,0,0,0,0,0,11587.171,14155.535,16306.211,16983.598,16860.381,11389.32,11165.989,7840.767,0,0,0,0,0,0,0,3364.599,28987.543,56735.539,70148.258,73445.242,87513.531,131751.234,150662.063,158435.109,138322.516,120846.531,99722.414,91319.609,68142.016,49373.285,36862.844,20223.029,11739.172,8060.169,0,0,0,0,0,0,0,0,105434.852,223068.203,292648.5,313323.156,395942.188,363552.813,405605.125,351749.5,352473.25,292884,238541.438,195349.094,149309.5,110073.57,58137.824,40498.047,21145.117,15242.767,9576.232,0,0,,,,,
0,1251596.875,2045102.625,1709236,2019794.875,1458692.25,976206.375,652251.415,385501.414,79122.625,56946.613,35237.297,19177.051,12952.301,10520.527,9848.848,7346.018,8151.217,0,0,0,0,55579.398,97175.5,90876.328,97308.438,69024.508,60836.02,30096.406,23600.449,13746.761,9080.795,7257.395,52689.391,75479.078,172274.219,340590.094,686024.563,979224.25,1317580.375,1520299.625,1771055.25,1609074.5,1390859.75,1027738,823822.25,618311.938,480149.156,319955.938,224465.469,132955.531,86697.734,0,0,11020.951,24794.488,41137.98,37410.887,59640.551,79078.891,82018.211,88245.438,83858.336,71973.578,58019.477,41660.605,31723.779,19981.441,0,0,7876.589,0,0,0,0,0,0,0,0,28067.982,81520.414,91175.508,125882.031,143818.953,174404.359,188360.719,220220.609,203940.359,176209.281,159961.203,125858.469,91819.461,68909.531,40757.055,28154.377,21634.811,19595.225,11411.507,9246.267,0,,,,,
0,1243830.75,3132987,2009693.25,3981369,3493642.25,3260806.906,2527641.125,1887792.344,522864.406,442264.156,321616.531,218815.984,131556,89554.383,63528.508,49709.82,45182.418,27412.578,32256.529,0,19245.994,129048.164,262934.938,360315.25,539391.625,537016.938,491419.125,359041.469,324562.813,232785.813,160284.734,109482.75,68531.813,117061.688,182781,412017.406,851912.438,1326908.125,1829512.875,2382518.5,2828285.5,2803127,2489385,2069739,1707087.375,1381430.25,1091787.25,751743.563,554698.438,363262.844,275720.469,0,0,0,7247.908,12564.476,0,17097.475,23501.98,23124.598,24523.771,22841.271,21850.613,13904.033,10108.47,0,0,0,0,0,0,0,0,0,0,0,0,0,0,21576.355,25946.564,34074.32,36566.793,38819.699,40414.938,44514.973,48135.391,34984.492,20525.729,23346.201,19489.395,11258.614,0,0,0,0,0,0,0,,,,,
0,328169.563,275369.625,321659.063,216450.109,153183.156,110283.186,85737.202,58403.778,26645.775,21950.613,19544.219,19822.064,16845.088,14574.994,13739.612,12396.266,11194.272,9603.473,7250.419,0,0,0,0,27880.629,0,0,0,0,0,0,0,0,13129.418,21498.973,34660.848,70335.555,107439.086,130008.031,122613.844,131346.719,105599.813,74085.859,54390.707,37620.461,23602.586,13917.008,0,0,0,0,0,9200.992,28824.961,57753.719,64048.563,67802.305,78737.656,81237.938,97481.508,102732.664,90793.32,85365.219,74166.07,64544.621,55933.285,40333.723,31185.061,19475.807,13475.274,7830.874,0,0,0,0,0,0,0,0,119537.867,236101.984,304167.844,343230.313,360041.594,322791.281,340352.313,310732.094,296798.75,246143.156,202801.422,172564.641,123047.57,95784.445,58048.594,42748.891,27841.826,14832.708,9078.955,0,0,,,,,
0,343281.219,383772.5,408151.438,324884.375,210364.859,143727.041,106552.4,84433.201,32580.564,23483.725,14504.14,16260.427,14776.741,9630.424,9886.709,7039.507,8923.54,0,0,0,0,0,0,0,0,0,0,0,0,0,0,0,0,0,0,10466.017,31016.438,35977.688,55223.367,60870.32,65775.234,57436.48,48104.629,35520.605,26761.768,18540.086,13281.001,9679.562,0,0,0,5504.483,23613.441,53824.762,53779,66659.828,69088.82,89416.398,91648.289,101290.883,88342.297,86010.766,69425.633,61881.957,45662.32,29354.857,22813.967,14001.466,10103.466,0,0,0,0,0,0,0,0,0,79176.539,213548.406,266318.75,263024.688,266786.688,262252.094,254804.406,252818.734,227980.438,195229.578,169451.781,147601.828,111797.32,67325.203,40227.586,30640.234,16066.446,9872.537,0,0,0,,,,,
0,37504092,37061160,40528364,25041436,12854589,6612264.438,3766042,2126276.875,520620.188,428935.688,252960.578,217887.328,144369.953,91419.32,95378.516,81460,84711.883,67298.906,72549.531,46521.633,48703.984,190102.219,354122.344,495429.031,599156.688,653288.563,461454.563,482574.375,363058.813,217994.156,139685.734,91174.68,227295.922,446040.219,653646.688,1520965.5,2424583.75,3532654.75,4233301,4800797,4903582.5,4263983.5,3668830.75,2868786.25,2205313.25,1675816.625,1371024.625,921633.938,658941.188,389857.781,268950.938,0,4442.607,13923.711,16891.863,22049.334,21030.436,24387.98,30064.705,26288.865,29737.479,24792.197,22282.795,22532.68,13459.083,9224.105,8222.518,0,0,0,0,0,0,0,0,0,0,0,832495.438,1912677.5,2292462.25,2191493.25,2169039.25,1877063.875,1637146.875,1334801.875,998325.75,672464.375,455570.094,302052.438,198234.609,120433.797,73952.422,40477.496,29347.893,17496.162,12465.778,7737.686,8747.101,,,,,
0,1235019.125,1012028.063,1183360.25,729294.5,446623.5,334087.188,250702.605,186676.555,57357.703,63621.223,43681.805,36276.844,31659.896,27175.691,29123.527,30482.668,38490.117,40491.668,41082.199,30699.555,29827.732,26032.162,48338.254,75185.008,77856.453,83072.203,77551.359,73890.758,59164.977,41950.051,20726.668,15092.697,95325,111582.211,127806.117,227965.016,353129.719,402550.094,427604.438,427534.563,394902.094,309050.406,257749.578,203018.859,151822.219,101298.922,79872.742,47135.828,33153.48,20314.543,15477.965,0,6859.182,18356.334,23236.498,23724.174,30423.24,35604.453,47583.531,48452.859,44576.504,45311.332,37014.746,32383.637,26736.008,18690.391,14244.718,8668.823,0,0,0,0,0,0,0,0,0,0,17130.457,54006.305,76296.922,78253.906,90879.461,93787.555,92126.211,94808.969,91114.961,79677.023,66146.969,54557.773,40336.664,34341.844,17931.027,13664.131,8184.069,0,0,0,0,,,,,
0,894798.063,1877026.25,1387275.25,1976976.625,1502567.375,1109075.422,758080.688,483435.406,108681.078,86074.742,54192.914,30336.334,16322.914,16082.508,9454.302,8033.537,0,0,0,0,0,122445.43,180098.625,223818.016,240152.828,206195.156,146327.266,111895.992,79429,44899.773,24607.492,17545.947,232865.359,340923.594,573378.188,1044568.563,1730700.625,2172147,2300726.75,2425134.25,2124173.5,1792406.625,1442295.875,1018847.125,773825.938,508493.688,407217.313,268212.219,178790.406,94494.414,66950.82,4211.952,28897.928,73059.789,85597.547,94244.219,111126.758,135042,154607.297,177402.859,171574.344,155760.547,133391.234,110289.422,82721.625,53739.035,39535.531,24280.48,13762.67,8418.9,0,0,0,0,0,0,0,0,117772.703,263590.563,397972.25,378828.656,450843.594,408035.531,448596.906,431671.25,404673.313,325137.219,273747.938,229050.75,170772.359,122626.031,62999.539,39816.855,27369.762,17252.344,9332.613,0,0,,,,,
0,8062418,17248708,13029735,18077358,13719951,10206549.5,7010363.625,4556203.625,985216.5,780645.375,474936.625,292405.719,205549.344,157635.422,110167.945,72320.039,76601.531,0,54089.98,0,13778.692,1387648.5,2369928.5,2610642.25,3112511.25,2854719.75,2324597.75,1386743.625,1135850.25,589736.5,364759.75,277265.719,5658724.5,10234918,14816326,32503274,48806360,60897208,65862272,65754560,56591376,45016652,36985180,25045384,18269440,11775196,8697331,5024904,3221448.5,1687570.25,993183,0,6123.15,16980.408,26049.09,35161.383,37527.023,49162.359,75933.117,77014.117,86260.539,87899.359,84763.023,77859.289,72167.602,58006.309,43946.613,36583.32,29232.031,20883.439,18975.945,10895.163,10046.04,0,0,0,0,0,10188.233,32289.875,61759.293,77970.328,102815.578,117504.609,160007.297,175669.141,180278.516,162049.047,161044.328,153090.25,120915.266,114219.328,82695.242,62624.773,43809.277,37120.949,27898.678,17680.08,9239.22,,,,,
0,1032912.313,3543095.25,2018619.375,4504091,3931529,3255531.969,2513480.219,1780421.875,440267.5,460962,273813.188,187638.781,106755.867,67049.711,35649.016,27089.742,16460.98,14637.868,0,8207.563,0,0,15373.047,23757.48,17228.564,15111.638,12835.292,7359.01,0,0,0,0,13936.115,15677.365,28771.424,50919.465,101307.336,100768.094,136987.281,133983.406,126413.148,86493.883,71933.594,49859.324,34020.699,22645.975,16584.43,11719.892,0,0,0,5599.27,29578.553,63460.68,80639.438,93672.227,104331.703,114972.75,130083.641,144973.219,124363.766,124697.25,104081.898,73497.273,58915.145,39434.52,27636.262,19447.18,11598.659,0,0,0,0,0,0,0,0,0,89962.461,242313.656,297083.281,322244.031,324363.656,321936.25,351712.688,334541.688,301001.906,262254.844,204529.172,181824.438,126260.883,95973.438,53668.324,37558.348,19026.307,13572.313,7798.678,0,0,,,,,
0,944630.125,1187919,1047187.75,1040103.688,779502,559506.262,392253.219,281022.321,75415.32,68057.258,48779.715,33634.273,27839.725,27023.957,20067.832,18959.248,19594.832,20992.916,17709.715,9616.3,10993.394,29901.994,63397.754,84688.195,117510.547,92541.219,92786.211,56578.973,55668.992,30299.148,16206.121,11069.084,47612.871,69786.539,135114.688,289875,536849.5,723677.25,916768,1021125.313,1033843.188,875613.813,696431.125,475180.656,374539.531,285487,203530.906,146674.719,98602.773,65073.535,43120.625,0,4168.61,0,20177.908,31558.143,31967.482,42837.227,70146.563,73776.477,74146.594,66505.492,58084.07,44099.297,19997.418,24789.76,14884.158,9229.849,0,0,0,0,0,0,0,0,0,0,22738.977,67097.391,80465.703,94582.039,113528.781,126636.219,148611.172,166961,165131.266,134190.984,116064.75,99442.008,68994.656,25966.959,26860.004,23879.088,18308.201,11205.014,9481.485,7985.216,0,,,,,
0,2824397.25,2409011.75,2848956.25,1673138.375,983113,618868.336,434000.75,308256.508,83413.711,82771.188,75264.633,63968.227,62892.781,65482.359,55663.066,55745.906,46690.023,37374.402,29036.045,18937.613,16290.05,29172.934,54251.57,79481.148,115310.75,78611.695,87967.57,48505.844,58391.129,28325.814,16216.207,8105.467,64739.813,106329.07,157711.016,339778.719,629098,898179.813,1007573.625,1132626.5,1065783.125,931662.563,768257.875,491585.844,422175.344,311117.969,238055.359,158574.422,107637.719,61205.531,39481.305,3433.449,24285.838,49960.949,64886.836,70956.07,88442.398,122332.414,163861.094,170137.906,157081.125,152949,136054.281,111884.148,91230.578,70115.344,40407.633,31489.572,22768.654,15125.402,10538.521,0,0,0,0,0,0,0,99712.5,227442.188,337492.125,343528.719,410189.406,408864.531,451793.125,421706.125,405583.281,376526.625,295415.375,247437.281,192118.047,139377,99054.156,67172.789,44820.82,29617.621,20592.965,13310.066,8670.097,,,,,
0,218590.406,352058.094,285834.156,381954,306528.969,248510.94,195253.004,135544.285,42491.137,34485.668,25153.988,17872.783,14816.802,10502.339,12594.063,11462.306,13115.902,19013.229,10540.991,10296.089,0,0,9507.465,8362.835,12327.102,7773.691,0,0,0,0,0,0,7385.61,0,16031.237,9065.092,53749.387,26120.119,75118.469,51507.066,85527.195,62596.598,60898.754,41350.813,35401.727,27689.047,21338.324,15961.768,9959.423,7514.453,0,0,11957.86,40965.277,60716.141,90676.984,93007.234,114660.359,168445.609,168358.625,179381.375,173769.188,156942.547,118468.078,79674.203,59710.645,39714.191,21950.744,11770.394,7799.281,0,0,0,0,0,0,0,0,44346.57,132392.234,184740.75,262457.594,306981.969,319493.406,376324.125,408204,380724.156,314217.656,309322.969,256224.141,183881.766,122877.625,74086.336,44817.137,28228.861,14111.404,9733.997,0,0,,,,,
0,16784236,15038729,17238876,10178855,4591405,2084101.969,872647.547,360930.429,65046.707,45063.906,27233.779,23135.135,14963.517,16502.521,10956.214,12664.773,12723.948,12917.174,7282.222,7185.284,0,0,13795.244,17110.135,20839.049,16364.93,16292.628,9919.268,8199.203,0,0,0,0,0,12822.768,16137.041,54430.609,55811.895,79492.758,86269.063,90323.672,79404.719,71706.43,50787.727,40969.344,30704.93,24376.219,17636.135,11237.863,7761.023,0,0,0,0,0,10326.564,11256.142,16240.77,21663.389,21231.857,23801.008,11228.685,18569.996,13744.729,10028.041,0,0,0,0,0,0,0,0,0,0,0,0,0,0,17698.885,21703.523,28023.928,29342.875,36949.027,37551.504,40386.348,37532.488,31068.535,34296.016,24120.131,18615.693,13906.959,7604.472,0,0,0,0,0,0,,,,,
0,6235727.5,19905014,12622381,21502564,16758431,11368563.13,7504150.125,4655424.125,1004570.813,812189.875,414501.344,279195.313,155086.109,77198,64890.379,53218.621,52134.398,42471.527,46911.438,34725.078,49970.313,38153.004,62210.984,72075.953,80695.469,76344.336,72471.406,46345.324,42458.613,23095.805,15754.229,10323.337,77464.313,152375.531,311123.281,679196.75,1077542,1545385.75,1960203.375,2106239.5,2247789.5,1973648.25,1641033.875,1164609.125,869300.625,624708.813,459139.063,298148.5,195685.719,125310.352,81720.172,0,8664.018,20145.928,28282.627,30513.182,28314.67,31030.135,29861.213,32438.246,26492.305,23850.33,21542.76,17367.775,13670.294,11528.03,0,0,0,0,0,0,0,0,0,0,0,0,8985.592,23270.309,34813.422,42455.906,40291.527,45450.086,50897.207,45765.746,40370.641,34528.516,30494.336,26317.17,18911.293,15015.403,9104.822,0,0,0,0,0,0,,,,,
0,952668.938,2244163.75,1521338.5,2720525.75,2282463.25,1838050.703,1325503.938,880079.36,191020.328,146183.094,103169.391,65090.789,44189.609,31802.041,25638.863,24694.75,26373.623,21980.486,23768.814,7406.754,22324.924,95379.984,194102.953,233947.203,272434.438,200065.781,164595.906,100559.469,83976.469,54012.285,32401.689,27941.434,31710.234,36686.984,89789.82,155759.625,389192.969,569459.063,861825.563,1121378.875,1452593.75,1371429.625,1392711.375,1115389.375,989133,808022.25,681565,507196.625,395445.375,270370.781,209293.094,0,0,16289.261,21545.703,30753.832,38417.914,52635.32,88746.555,93135.008,102730.219,99355.703,81562.031,59594.695,50206.031,40692.363,28220.795,18041.17,0,8000.428,7787.743,0,0,0,0,0,0,0,9929.116,18727.432,56328.094,78144.797,102402.195,121235.516,139466.516,174504.563,159798.953,147024.188,134906.969,113264.602,86081.078,62931.867,35249.344,29023.256,9356.487,13876.219,9831.58,7593.307,0,,,,,
0,3724062.5,3984304,4143853.5,3214662.25,2171689.5,1560439.047,1082305.188,742353.688,169754.469,137259.641,97629.688,67903.141,50139.582,39396.027,28457.24,24547.908,25935.828,0,15751.698,0,11324.264,134241.484,248030.766,292264.875,331368.094,272255.75,256133.531,165098.125,147571.875,81054.633,57056.938,39516.461,542604.313,1059604.875,1390956.875,2747399.75,4386683.5,5198919,5860036.5,5663379.5,5505607.5,4234815.5,3390171.25,2221123.75,1678199.75,1161497.875,848325.75,518978.219,389154.719,232306.203,169846.313,0,8999.884,29085.334,51615.414,73080.492,88151.922,117842.164,167400.203,172892.641,192235.25,193621.5,167661.594,112506.125,95719.789,63557.566,44726.66,29282.393,7393.336,12247.786,8292.971,0,0,0,0,0,0,0,38286.027,112294.195,171900.969,211726.516,267150.094,286241.813,351733.875,201594.531,406902.406,332456.063,306723.969,234744.766,173358.109,127980.883,69436.18,53330.902,28540.752,19437.215,13747.148,0,0,,,,,
0,12150836,5082463.5,8214317.5,2677974,1263143.75,756434.415,517773.086,354375.664,87746.133,112038.375,91911.477,69904.508,55571.582,59941.172,65719.961,72362.609,79447.977,77895.953,66945.594,65864.031,52654.371,40619.117,72762.727,102025.539,110946.273,89251.375,106509.969,60982.23,56934.293,32414.33,16799.396,14611.24,20994.211,27677.863,53207.543,103247.586,222058.891,300945.656,411234.656,477800.656,595734.188,570296,487737.5,411172.906,333975.469,280694.844,246700.547,173767.281,128197.32,83028.281,58817.719,3585.575,41312.781,102482.602,144866.578,174650.859,209252.391,277150.844,330398.938,349926.625,345527.156,352363.469,299652.906,251474.891,200857.859,138142.063,101572.336,78957.195,55922.996,37016.375,24761.875,16017.038,9789.782,0,0,0,0,0,61483.672,188257,267394.656,323183.969,408053.063,451530.469,452877.438,470133.656,474138.594,387534.219,345343.313,297602.719,213804.297,169330.719,106850.156,75499.453,51436.699,38947.441,28137.373,17340.994,10800.331,,,,,
0,12646491,14206104,15282365,9893657,4873990,2868259.125,1929153.969,1498090.969,813287.313,1444281.125,2398933.25,4350752.5,8104631.5,13191771,22774360,34382324,44995664,50053524,52244004,48252828,49070048,0,0,0,0,0,0,0,0,0,0,0,0,0,0,0,12362.342,7748.458,14724.476,10561.887,14406.841,10792.805,9385.964,0,0,0,0,0,0,0,0,2145.321,2323.605,0,0,0,7292.275,9750.123,8599.513,13097.296,11604.546,11716.568,9890.472,9881.925,0,0,0,0,0,0,0,0,0,0,0,0,0,0,9066.264,19944.344,27865.449,31326.244,34933.77,32454.209,36818.566,37629.469,30834.432,32171.342,25273.342,26945.4,18806.998,12069.153,10187.222,7439.14,0,0,0,0,0,,,,,
0,90092312,84632888,90326800,75962424,60272012,47159461,32820575,21869002,5955208.5,4216465,2793097.5,1658523.25,1095948,605698.625,420581.688,291642.344,223936.469,144666.188,94787.789,62139.508,41390.703,0,0,0,0,0,0,0,0,0,0,0,8774.116,7740.588,24256.199,13907.664,65384.066,67633.891,75658.07,61363.91,65378.379,41832.961,34073.313,32368.629,12978.278,20108.588,0,12193.223,0,8523.349,0,4119.314,47366.688,106958.953,138940.031,158091.281,206748.031,259953.469,335552.063,341359.719,377213.781,376165.688,305960.469,261916.094,199390.125,151844.156,102655.281,71553.156,50818.668,33873.941,25240.559,15144.964,10359.621,8028.614,0,0,0,0,126255.234,488895.281,547282.188,590607.438,714871.25,809562.188,967909.5,919630.5,924021.938,756388.25,699460.75,564852.875,435343.594,310971,205591.063,148625.141,100196.156,71560.461,39102.422,23888.467,17184.801,,,,,
1,266503.625,427366.188,328228.781,425444.844,324331.406,262874.258,217980.403,171029.484,58452.297,51478.234,38798.047,22578.967,21092.117,15611.914,17478.381,12973.216,12943.576,10982.759,10787.516,0,7399.21,13315.715,29960.357,41908.383,58801.559,64020.633,60680.68,48167.418,42834,29233.766,15390.658,13158.324,14974.56,20279.188,50445.91,82698.398,180556.703,246031.734,333579.156,422274.281,431657.219,337674.875,309509.688,238812.859,179896.813,124923.492,100518.297,64067.754,43881.551,26549.902,18284.336,0,15849.673,36993.996,43858.113,52509.125,53955.996,59695.172,67941.258,73620.469,72170.242,66063.523,56743.852,44613.863,36799.887,26728.195,14794.092,11213.656,8733.992,0,0,0,0,0,0,0,0,0,52592.777,126614.875,151580.063,177186.859,178844.922,189952.688,198916.203,180935.078,169006.125,151301.422,125980.414,100154.18,80820.625,62765.57,36971.375,24213.43,13128.61,10030.279,0,0,0,,,,,
0,267099.125,306347.125,272223.156,276802.906,208025.234,146411.268,118727.492,87016.201,30740.357,22056.41,10465.589,10653.104,9976.912,7708.518,7658.736,7965.441,0,7290.607,0,0,0,0,0,0,0,0,0,0,0,0,0,0,0,8469.131,15989.087,22789.957,52276.32,58656.164,81903.25,76163.625,75409.273,58804.367,48286.152,29601.68,25607.789,16529.422,11624.07,7626.295,0,0,0,5840.892,28097.629,72730.719,79392.648,79014.664,91265.352,89809.344,118232.617,113651.305,115503.43,104436.313,88677.258,71636.297,56478.109,38186.137,23304.732,17259.563,11044.121,7606.922,0,0,0,0,0,0,0,0,124884.523,288554.25,339387.125,367334.625,382691.969,365464.219,367828.719,335591.625,306927.406,261809.063,217417.141,186289.094,142944.203,96171.805,56022.035,37816.563,23540.625,13467.603,9886.691,0,0,,,,,
0,2010246.5,1788617.75,2282385,1394180.625,669541.125,395783.98,263013.641,188811.625,71471.031,125392.836,172699.813,186425.063,296971.375,365444.438,448160.594,522481.688,583194.875,580895.188,489239.031,399671.969,322439.656,0,11347.941,11422.359,15679.48,13119.69,16627.898,10088.185,0,0,0,0,12030.912,9576.408,24861.135,35869.922,66461.891,78228.578,91426.141,96206.297,84679.125,73607.93,62986.449,53474.242,34592.691,29469.488,20022.73,12026.55,8821.979,0,0,0,5893.211,17998.352,26251.797,31852.541,35645.746,55017.445,67785.875,77770.664,77207.352,76454.25,69634.148,64448.063,50262.879,40769.328,32936.984,22472.461,16240.699,12500.462,7160.591,0,0,0,0,0,0,0,13838.22,44761.449,69519.945,83933.219,102914.352,118630.914,149592.313,143987.938,125732.406,107268.891,105602.258,83778.234,72849.836,58815.91,33990.535,30159.322,20693.279,12658.907,8692.316,0,0,,,,,
0,7637805,11636412,9898566,10471421,6695555.5,4174392.625,2509857.656,1375711.406,305134.469,196491.188,118668.156,67819.922,34291.051,26581.969,12179.754,0,11013.916,0,0,0,0,238287.344,342619.094,338704,343393,272351.75,156967.078,84476.305,52031.93,36293.867,9695.122,13166.512,1796433.25,3098847.75,4264831.5,8545346,12038755,15151746,14523259,13442085,11107091,7594540,5405727,2999230,2005823.125,1156388.875,782307.813,433398.375,255312.734,140082.5,84302.992,4840.764,44617.859,100188.445,124481.32,126477.633,160834.047,187587.813,222477.438,258753.219,238755.469,207382,162099.188,134779.016,100518.469,69988.297,45854.277,32226.215,19140.564,11472.615,9101.34,0,0,0,0,0,0,0,132639.156,405326.219,513190.313,620449.625,656694.438,698114.125,688089.188,751337.188,629135.25,570619.063,441400.688,363364.719,256921.641,171430.031,103216.977,69154.063,43530.121,23390.99,15008.158,7731.729,0,,,,,
0,1410533.75,2425977.5,1886610.625,2592250.25,2006765,1576916.484,1172589.688,783500.704,215144.156,180627.703,112156.07,73544.977,51978.594,30013.338,28469.516,28439.947,25649.311,9102.342,21086.498,0,11575.247,103321.398,166818.828,195049.594,226006.203,195485.531,159185.891,126931.797,77432.945,43526.07,28673.633,15731.983,131671.703,272469.531,412060.344,991429.063,1672311.125,2449825,2763233.75,2860531.5,2694312.75,2310029.25,1784381.25,1168673.5,889078.75,649011.125,450463.844,278115.625,177527.719,104387.578,62141.398,5206.55,54735.934,142668.281,146654.969,170820.203,193847.547,247898.313,250220.594,266405.438,248198.156,248627.109,214579.688,182304.281,145852.422,111982.781,80773.891,64264.063,45921.191,29627.439,21715.641,17071.582,12261.111,9429.194,0,2007.457,0,0,177388.469,510966.125,570950.75,618897.875,697000.688,711140.875,738768.625,750984.625,720627.625,589676.75,492853.688,430095.938,348053.938,255630.484,169832.859,133837.063,103006.719,75409.445,51940.941,35036.824,22768.371,,,,,
0,771768.188,1427683.125,1122616.375,1578489.25,1188614.75,877518.782,651828.891,426357.313,89858.047,83744.414,52324.137,35390.73,25123.652,19013.811,15976.009,14626.374,14191.057,14435.646,12700.17,8786.127,9964.854,13744.056,25339.781,27485.74,36881.906,29005.262,29315.705,14069.307,13956.01,7054.604,0,0,9739.752,12685.165,30902.805,60227.914,136721.094,188200.203,245759.219,302755.969,333754.594,316198.063,277901.344,198869.297,164677.438,128038.273,101986.461,68731.977,52497.246,34370.148,22114.873,0,0,20424.564,21483.398,38446.203,43020.008,58378.105,78843.445,82754,98837.438,87343.5,84930.375,62494.867,46353.977,19799.609,11928.264,0,0,0,0,0,0,0,0,0,0,0,29201.83,96930.477,118473.102,144933.031,164773.703,198226.781,217093.563,241046.953,222982.859,182767.219,178713.906,143841.016,92359.383,67334.828,41015.711,23521.809,16894.48,9625.105,0,0,0,,,,,
0,1765142,4238775,3015554.75,4452562,3268457,2447196.625,1714552.031,1024225.094,265062.188,203470.109,129138.984,68821.602,35658.711,22225.779,15268.099,13889.271,9286.518,9793.481,0,0,0,9580.998,14492.029,17678.576,24701.029,26751.568,20230.551,17110.602,15831.873,0,0,0,7585.309,8241.821,18933.557,27251.615,74638.813,101731.641,125847.492,138923.281,159027.891,146724.984,116488.758,95289.617,76826.898,58137.105,41882.512,26349.502,18816.248,12048.081,7615.296,2777.758,24593.791,54138.957,69825.602,80627.953,103075.719,106919.516,115824.211,121409.914,120429.875,104532.406,85370.555,72467.016,54416.008,39896.59,27555.676,17490.855,10557.641,0,0,0,0,0,0,0,0,0,81838.641,236797.453,322579.219,336359.438,361242.563,376981.188,369763.875,361816.969,330292.469,282548.625,231767.766,191438.219,143733.875,98572.172,67191.461,38300.055,24887.768,16600.379,8972.016,0,0,,,,,
0,676551,437625.844,587541.563,280789.375,149966.609,113076.921,79707.586,56395.746,26216.131,31547.424,17328.566,16202.132,12336.74,14490.121,14660.294,23046.053,18130.791,22437.889,16718.822,15374.661,12711.403,0,0,0,0,0,0,0,0,0,0,0,24870.922,12093.263,25210.395,18768.447,57016.25,18262.607,51020.855,32381.65,42196.656,28774.104,21087.701,15601.288,10462.734,0,0,0,0,0,0,0,5898.917,14678.626,15210.436,27148.129,39403.648,48737.824,62856.629,70671.898,59164.566,54672.23,50119.121,39130.43,32651.064,29014.848,18308.293,10783.113,9399.997,0,0,0,0,0,0,0,0,0,8368.159,38415.367,47318.645,57474.176,68654.602,83331.516,92512.82,95686.883,98471.648,83224.047,78486.352,70405.242,52380.57,44913.617,27625.777,15622.595,12979.516,10374.437,0,0,0,,,,,
0,2131845.25,3023287.5,2916260,2706331.75,1603458.5,991463.86,644491.266,403617.86,110266.578,99103.242,61306.586,51250.586,44465.297,43793.582,40322.602,42858.859,34137.043,32067.346,27405.408,14712.326,19275.719,84296.766,194958.078,79135.047,105916.047,31022.15,34096.875,13121.357,14978.451,12993.803,0,0,16662.939,13686.921,32205.518,49930.648,101578.93,114614.617,147001.313,150591.172,128906.172,98534.516,67222.961,49205.938,29940.063,25385.418,12392.527,13803.128,0,7096.023,0,5084.408,33170.453,68661.891,79396.047,87572.258,90730.938,103669.414,116434.422,118362.023,131109.203,104924.234,89862.695,78423.586,57411.098,39604.938,26640.486,18219.043,11461.033,7246.091,0,0,0,0,0,0,0,0,90652.391,284854.875,321568.094,336817.813,356514.438,349776.875,345377.5,333421.781,303626.844,253682.625,210628.813,181900.453,130195.938,91910.531,54880.219,39267.797,24781.26,14053.48,7169.196,0,0,,,,,
0,144396.469,259282.578,195598.719,284503.563,241267.266,208054.713,180924.149,154234.196,51668.031,49608.223,42191.309,29881.959,17740.15,31397.039,12917.29,32276.25,13155.646,29190.629,12864.521,29113.68,9380.761,10011.545,23821.137,27475.031,37215.422,43885.113,37711.375,31201.748,21562.758,20662.475,13078.179,8888.134,45533.277,61608.961,130663.758,157874.875,368953.375,398144.406,535981.563,545252.813,487161.688,416957.094,340879.094,250445.969,182178.188,154001.688,119112.164,92635.57,54002.898,44836.004,27289.742,0,12737.957,39189.055,50430.383,56696.098,77674.445,102972.203,126587.172,157339.766,147444.281,157044.031,134074.578,121330.563,112492.164,88101.852,66656.266,51157.988,35887.82,28113.406,19920.354,13760.219,9690.967,7756.284,0,0,0,0,23121.051,80013.688,116878.836,136419.531,173428.516,195899.578,222992.906,227161.641,237558.375,209970.25,187754.359,155719.719,129813.984,103886.609,74989.336,57329.012,41689.746,28122.986,19799.545,15552.424,8291.18,,,,,
0,16613026,52532648,31618430,60832604,51723704,44693974,33668233.5,23071639,5955902.5,5571883,3733659,2358325.75,1420927.125,839737.688,572357.75,415486.063,357963.438,138807.172,173136.969,0,70389.906,1292553.5,2155061.75,2657916.25,3428207.75,3281082,2709301.75,1844225.75,1478307.75,682492,438848.094,305508.5,2519567.25,5070962.5,7657696,17523336,29992722,38936032,43954044,46302612,41614100,33361920,26811018,19222238,12403650,8606435,5711410,3247381.75,2046537.5,1184713.125,704453.75,4554.541,43379.598,88446.07,101343.578,107467.664,123132.148,133250.938,161246.922,151508.641,143630.578,114261.117,102153.078,85670.594,61327.281,38335.199,29884.318,17803.443,11853.115,8285.84,0,0,0,0,0,3528.479,0,0,117285.992,339179,390049.688,419564.656,447575.188,438105.875,430138.594,405474.438,364625.563,329062.031,264501.625,217234.625,156841.234,115001.078,67134.945,42207.449,26704.754,14261.598,9288.093,0,0,,,,,
0,693422.5,927614.438,798820.5,928601.125,750283.813,670875.149,568426.453,452668.032,135575.594,166405.688,125511.984,75587.648,60224.723,28268.512,26063.311,23602.982,15233.132,10821.457,0,0,0,32984.098,75480.18,111619.977,155751.281,136046.406,147094.359,145642.391,128996.875,92194.383,56294.207,40291.266,16728.82,29777.012,55124.469,107965.852,220592.297,310394.313,470037.969,575294.25,633140.813,596008.125,528373.313,456153.469,349135.969,284028.688,227941.891,157595.422,118651.969,82658.781,56797.109,0,17435.102,44586.176,50886.523,57052.914,64244.402,72602.664,81594.852,86429.273,77631.078,67351.727,58990.781,50481.617,37725.313,26495.789,16322.185,14590.659,7887.474,0,0,0,0,0,0,0,0,0,77297.297,153034.25,189005.5,220343.266,217005.016,215039,212315.031,195575.047,194355.313,163993.156,138316.156,116678.617,87051.023,56422,42088.246,22760.031,19401.104,11180.581,7798.787,0,0,,,,,
0,5155626,12459295,8807130,14049552,11366710,9297614.5,7136745.25,5239195.5,1152839.125,1192413.75,657683,534797.375,330730.688,192797.906,160061.422,119121.711,114254.844,76515.102,67160.43,33426.328,30958.236,66389.563,126047.023,191142.922,217362.313,254504.672,228174.875,127128.336,112574.984,91980.289,55312.762,46285.598,106220.547,194824.922,335680.875,649961,1153263.5,1664718.125,2026831.875,2243630.75,2207498,1865968.375,1607236.5,1173899.5,891086.125,649692.5,472950.125,301976.594,204255.891,117014.125,82049.688,0,24638.908,42969.066,51706.465,55675.309,59057.738,69500.078,81505.633,77974.367,77061.992,75556.195,60951.156,52116.168,40780.188,30414.875,22534.668,15351.347,11439.066,7039.718,0,0,0,0,0,0,0,0,86099.164,195814.344,251331.891,238955.25,255144.578,245928.219,252290.656,223197.359,210666.797,182846.547,169045.953,139773.516,104407.539,76754.375,49668.199,33139.84,24103.449,15554.448,8400.149,0,0,,,,,
0,7123689,10228332,9409503,9574574,6674683,4989383.813,3989490.438,2878902.188,980748.063,899082,784952.063,532358.25,374601.75,243593.703,189706.172,124819.461,125735.57,46766.379,62060.84,12382.938,35845.832,433467.063,820507.625,1196383.625,1698671,1731733.75,1327513.875,1364168.625,1123133.5,750013.063,487524.375,346791.094,735297.625,1377175.125,2029586.875,4979449.5,7734065.5,10577198,12002444,13357152,13496243,11522718,10235103,7773157,6357769,4895820.5,4038645.5,2758096,2043590.5,1294411,1045386.313,0,4402.989,11024.226,11651.442,13468.123,15472.153,18334.008,24069.148,21310.223,22001.26,24020.93,22242.471,20120.512,14623.587,9945.11,0,0,0,0,0,0,0,0,0,0,0,0,14026.479,38905.184,48431.535,66632.289,61859.676,69904.234,74317.828,83679.93,74156.516,58447.918,54584.551,40650.121,34947.699,28335.307,19353.248,12366.506,7277.666,7358.615,0,0,0,,,,,
0,251178.641,314778.813,281429.531,289281.125,208745.922,154780.217,110207.342,81468.785,19988.246,18372.35,17265.732,13401.278,12878.317,11970.69,10883.74,11361.13,11200.542,11876.052,7802.479,7190.229,7052.801,0,7000.777,7126.725,10871.067,8468.305,8093.07,7167.217,0,0,0,0,0,0,12230.555,17458.188,46826.559,57443.645,83862.039,99690.133,109668.883,101847.641,95196.797,70707.828,64229.52,49133.352,39462.422,28893.799,19018.551,13122.848,8252.614,0,0,0,9289.529,10508.146,0,17595.264,17788.65,22408.078,23845.533,25689.715,21082.6,8102.626,11413.074,8375.622,0,0,0,0,0,0,0,0,0,0,0,0,8520.004,27319.707,31727.877,35896.262,46331.895,46690.59,52839.023,57996.84,52827.121,24765.646,44806.293,35012.816,27984.438,20389.236,0,7833.371,0,0,0,0,0,,,,,
0,2331804.25,2671460,2572891.25,2248183.5,1566652.5,1148680.016,752196.282,501762.063,132687.391,114703.148,72529.578,45792.785,32933.184,22318.268,16889.238,17757.389,18135.707,0,12458.178,0,11640.208,55071.797,106723.383,142563.094,163186.719,155105,123114.531,75049.844,59790.504,36111.543,22697.896,17304.77,139358.234,229046.891,364382.594,691095.313,1152331,1527888.5,1677798.75,1779060.875,1841711.75,1413396.625,1160269.25,753161.625,558371.063,362625.531,260802.547,149176.984,112345.406,63840.75,41415.867,0,0,0,0,0,0,0,17026.506,19884.246,18332.727,19926.189,15745.575,11517.589,9956.546,0,0,0,0,0,0,0,0,0,0,0,0,0,0,9740.766,12702.62,15589.833,18722.748,21071.988,23491.313,28723.619,29140.229,19908.344,0,16156.879,9232.847,0,0,0,0,0,0,0,0,,,,,
0,18304428,35049784,26717740,36057784,25637764,18045013.75,12115642.25,7475501.5,1726862,1114004.875,663079.25,329525.813,160470.453,100816.828,52864.406,40199.734,23193.578,25853.766,11724.741,11137.135,0,16885.381,28852.111,31731.484,42020.621,29052.518,29885.711,17785.799,11664.902,0,0,0,11340.914,0,26725.32,24164.826,82670.648,51912.82,131782.375,78588.633,152429.625,110769.555,106036.93,71423.32,64256.152,51829.543,40936.984,29764.465,16927.086,10806.5,7865.694,4852.249,33522.004,74328.289,87134.633,94379.875,107478.055,132372.891,164259.375,201211.422,228153.75,236962.594,253644.844,261736.719,295037.563,308683.5,311567.156,313144.969,339328.031,311631.875,322206.875,282325.344,264088.281,230549.984,204828.453,160979.906,194090.156,146674.328,111884.281,263768.688,313196.188,355446.125,407232.844,448105.969,507401.219,605468.875,656702,668593.563,702218.75,734183.875,775506.813,840805.875,731643.25,746292,735644.313,752709.188,679758.563,625864.375,556545,,,,,
0,192032.906,195143,189826.5,198424.25,163908.672,123960.843,97538.225,85784.789,28876.744,26106.822,16868.463,10173.516,12611.598,11735.454,10789.999,9068.06,14247.7,14132.83,18803.695,12424.34,15394.274,0,0,7060.494,0,0,0,0,0,0,0,0,0,7439.123,10611.642,12169.891,25956.127,31880.986,38188.918,40341.598,36284.535,30093.48,18208.213,15704.83,12024.624,10192.579,7009.77,0,0,0,0,5369.187,50418.219,97053.305,113225.414,120163.625,141079.484,174327.844,186843.609,210478.578,220054.156,187131.047,164272.016,150927.141,113705.094,88437.641,63101.285,46725.727,38394.141,27102.646,24174.297,16587.396,11876.549,9435.631,0,3528.169,5744.575,3427.625,193601.078,404662.438,572644.313,594911.688,646051.125,604196.875,632191.375,593140.625,549135.25,469243,406249.594,339503.25,268803.313,203342.313,142586.484,101948.031,72846.398,57962.547,40270.164,30004.27,20787.639,,,,,
0,1537498.875,6416967,3388018.25,8717106,7817130,6742855.188,5085669,3714612,1162763.5,897159.125,515813.188,334597.125,226351.641,146951.031,124682.133,95835.109,91488.93,63936.348,52582.922,36068.145,34070.809,33099.738,71898.18,94621.805,137311.188,113232.68,102209.563,66471.602,65134.215,42080.527,24749.236,20558.744,39562.945,77469.977,109759.867,238574.688,422963.125,574764.563,727088.75,837389.5,903712.688,713808.625,655974.938,477384.844,395666.719,298743.594,208615.844,144639.703,100015.938,70193.711,45895.109,0,13947.558,52136.738,57923.832,102926.328,108084.594,152181.047,216716.609,218538.75,227271.953,232575.047,197118.234,153267.281,110527.32,72513.297,50628.004,29487.699,0,0,0,0,0,0,0,0,0,0,49628.441,156445.922,214105.078,280066.875,332743.813,382569.156,440736.531,516319.438,480967.75,401143.125,383592,308131.5,212550.328,167563.109,86209.367,58935.074,32355.773,28532.221,14847.651,7424.977,0,,,,,
0,261022.75,738283.688,444895.781,958252.938,865146.625,746728.453,574823.547,415485.758,124266.117,111508.047,64989.789,47248.031,29412.932,20792.199,16008.684,12507.756,13297.252,0,11233.484,0,0,98830.664,204153.125,260543.25,315272.844,247921.203,231530.328,147942.609,133339.5,80377.531,49837.098,35640.273,142638.688,295448.344,419168.563,1120991.25,1878474.5,2603265.75,3179940.25,3620035.75,3630815.75,2891598.75,2399537.75,1559634.5,1189902.625,768221.5,553555.188,340983.031,239346.109,138977.406,94566.211,1968.858,4376.564,21997.842,34068.926,43593.984,45247.039,71397.883,105821.055,109013.352,112487.75,98244.875,78972.297,66832.773,45347.207,31830.092,19947.008,0,0,0,0,0,0,0,0,0,0,0,27891.041,73532.93,100633.602,154492,182486.766,206367.781,240108.719,263953.938,252942.922,196311.438,188985.328,147431.391,94093.609,70827.789,37723.297,24535.484,12207.03,7712.633,0,0,0,,,,,
0,2705830,2055084.875,2564990.75,1319082.75,635304.938,324749.328,184841.843,122513.914,36804.488,56368.363,35922.859,38691.68,42187.328,31335.777,40764.09,41659.766,45859.516,39908.445,35173.051,27757.293,24146.363,8416.841,14838.198,17679.223,19107.863,14429.103,13469.402,7643.019,7315.594,0,0,0,21954.59,30105.982,38349.5,69000.031,109628.422,131431.141,119774.836,115805.125,92989.797,70371.023,48996.871,31898.572,19523.902,12480.029,8657.904,0,0,0,0,2636.277,15409.608,39200.305,51013.07,64017.973,73177.219,81080.586,89656.984,94657.578,94325.305,86175.578,70981.953,56169.434,47246.625,30860.338,18827.859,14553.92,9207.065,0,0,0,0,0,0,0,0,0,27371.297,75218.578,103659.766,136442.469,141366.531,148501.625,170287.031,174045.797,162811.063,151330.297,134944.547,110708.492,87848.438,66254.633,37583.695,27193.373,18861.783,0,0,0,0,,,,,
0,297526.563,512761.813,398887.563,558841.375,474769.281,404956.625,292410.203,231190.328,74821.594,89895.352,64944.621,44378.078,26033.779,14688.391,13997.796,9013.889,7432.86,0,0,0,0,23682.367,47120.746,56570.191,84264.406,73670.82,69336.32,73712.672,63073.336,39071.688,26886.555,15261.313,44650.617,77301.711,101034.547,185862.734,300936,373258.406,461731.469,477877.219,481520.781,398721.031,347612.813,226324.875,173571.563,124757.398,89642.836,53942.988,40859.344,27505.412,15505.116,2607.947,18093.043,39367.457,60483.957,69815.594,74469.664,83356.414,96300.484,99764.313,87154.109,81974.914,69934.445,61061.668,50196.566,27702.969,18765.699,12440.428,0,0,0,0,0,0,0,0,0,0,56329.836,139167.063,202267.844,221056.109,258853.984,243179.688,258439.031,261598.328,232488.719,209630.188,185085.156,147051.734,107870.875,71412.234,40660.832,26356.922,15863.238,10289.568,0,0,0,,,,,
1,2657969.25,3088170.75,3236454.5,2222483.5,985213.625,674542.109,357338.828,199430.547,39585.758,34956.324,27892.25,15911.961,13039.844,10218.787,9950.666,11185.632,7612.186,0,0,0,0,21262.91,42236.227,44696.25,46581.656,49492.949,38220.734,19678.373,20687.492,9702.626,8525.537,0,97175.414,191218.063,276398.594,506393.625,792297.313,935413.938,1041021.125,1045524.313,817013.313,652476.375,467185.938,281883.094,186171.313,105655.023,71791.164,38553.52,23971.287,11624.21,8070.44,0,0,0,0,0,0,0,0,0,0,0,0,0,0,0,0,0,0,0,0,0,0,0,0,0,0,0,0,0,9998.113,9780.895,15404.721,15682.14,19040.617,18168.52,15507.167,12388.332,11487.403,9615.901,7263.696,0,0,0,0,0,0,0,0,,,,,
0,2188666,2137031.5,2276443.75,1672448.625,1062501,704969.196,446010.454,296945.172,71849.195,73748.563,62731.891,40319.41,24448.129,17994.768,10273.937,11728.186,7012.876,0,0,0,0,46395.555,76336.492,102236.703,135209.344,139657.266,128093.813,102575.297,87753.82,51804.371,33648.969,20799.893,53163.512,100589.992,155182.094,345070.375,614039.813,910575.688,1092080,1257796.75,1329178.375,1085081.375,1014210,750792.125,529413.813,401888.563,292018.281,196445.328,126606.141,85627.914,56342.27,0,3045.385,0,8123.464,8249.139,11885.117,15473.215,16441.793,20950.252,23044.906,26085.318,19686.57,16196.176,10183.358,8728.418,0,0,0,0,0,0,0,0,0,0,0,0,13819.935,33172.477,44917.164,54825.262,56162.949,60389.969,69105.594,61895.926,58502.297,53170.582,46791.703,38199.477,25989.871,19919.055,11766.003,0,0,0,0,0,0,,,,,
0,270787.5,431045.625,372324.5,470804.969,369674.75,271698.012,215659.808,150408.617,56416.699,59842.539,59283.191,57570.055,63620.063,56966.469,73142.305,74027.109,76930.438,60119.996,50365.617,17204.803,17832.699,24272.15,45147.734,55031.684,71363.031,65564.063,44822.57,35262.461,32200.979,22093.074,13940.413,0,94864.828,177770.328,237917.609,428767.281,702187.688,885244.063,961089.313,1044949,930461.688,794531.563,590871.938,395935.313,266781.781,184525.422,140877.563,87131.133,56295.363,37458.875,23118.348,0,3063.599,8270.46,9690.507,13979.945,13535.983,17150.594,21617.807,20025.104,21701.766,23638.799,13471.507,14825.568,13375.627,8049.647,0,0,0,0,0,0,0,0,0,0,0,0,9537.431,34970.188,42107.629,43562.758,46535.93,52622.949,57090.777,56523.41,49666.844,44951.754,40397.59,35719.824,21549.654,14813.443,10511.609,0,0,0,0,0,0,,,,,
0,4170570.5,3385441.25,3983784.75,2824199,1957985.75,1368040.297,1030206.438,735725.813,235978.672,251856.203,214081.656,194824.438,182496.797,165890.344,167748.984,176916.219,185320.313,164023.078,152038.563,110201.734,103335.656,80041.141,158386.656,195962.859,247301.531,355453.438,263986.719,219386.781,154553.109,114334.469,61991.621,50685.469,119331.656,270548.969,408005.563,815651.625,1406626.5,2215711.5,2634492,3047141.5,2892151,2452078.5,1925983,1387613.5,1019467.938,688618.75,557449.375,375956.219,241194.328,136560.219,79664.578,8752.198,65223.09,168939.672,215003.328,243827.703,295293.375,363661.156,420344.844,434039.688,436611,416534.656,354640.188,281403.063,210004.469,149277.797,101243.82,63050.914,41283.5,26821.945,15120.189,11114.604,0,0,0,0,0,0,291681.938,738282.125,962433.75,1062363.875,1240544.125,1182983.25,1301079,1233523.25,1156051.375,962806.813,815236.438,650529.125,480779.656,336956.688,199466.078,121131.563,79462.883,63331.953,27794.998,12452.557,10397.951,,,,,
1,400328.719,505028.5,436836.625,618269.563,644617.563,774869.985,952333.953,1242354.251,678836.063,1117996.5,1383063.375,2052080.125,2596152.5,2684655,2845688.75,2618800.75,2295224,1727146.625,1092106.5,908622.688,632581.875,0,0,7595.569,0,0,9422.495,0,0,0,0,0,17562.098,22104.891,32821.977,60355.875,116633.906,121262.711,151792.391,166211.094,125852.828,88450.633,68263.492,36814.512,22953.605,13920.156,9168.223,0,0,0,0,0,1778.004,0,7813.289,8234.12,10383.061,12944.728,18414.324,20974.889,19599.443,19657.254,16665.471,15337.273,9858.582,7805.375,0,0,0,0,0,0,0,0,0,0,0,0,7101.987,15765.318,26299.631,32589.273,35041.434,32328.586,40258.422,40567.992,43278.457,34574.84,32680.33,29637.354,18653.549,13071.118,7440.678,0,0,0,0,0,0,,,,,
0,3528481.25,12986434,5948083,15313608,11047611,11152267.56,6609332.875,5659753.625,1399298.75,1121521.75,766339.375,369605.031,303750.688,223094.188,170857,132084.969,86231.984,69131.125,49060.473,25668.047,15115.999,30178.621,66768.555,85740.641,95103.75,66702.641,87494.227,53396.281,67619.938,29115.959,25960.555,12155.215,46375.652,96636.273,154510.609,342416.813,577799.625,788167.125,985831.375,1087430.875,1131869.625,960638.75,817589.5,614379.125,464709.719,352439.719,256360.984,172109.516,131737.516,86580.898,55605.336,0,2071.376,0,0,8671.975,9907.673,12403.154,17614.297,16786.838,20566.246,18568.322,16510.662,15003.069,10551.644,10566.029,8188.254,0,0,0,0,0,0,0,0,0,0,0,0,10680.859,12073.534,18278.385,19103.994,25292.764,22123.891,26839.166,26235.133,21313.623,20388.313,16825.453,14881.088,8960.107,0,0,0,0,0,0,0,,,,,
0,465377.406,928119.75,619083.438,1160040.75,1061248.375,934010.532,768810.735,603154.266,203616.813,196552.906,152105.594,119879.5,102819.734,77182.32,118315.297,150080.266,235209.016,257693.656,339482.938,348044.563,375206.406,71301.781,143524.078,206528.844,250525.344,319939.156,232012.063,192026.344,186011.953,125981.07,91144.516,53926.359,124761.813,223572.891,322525.375,737505.563,1164686.25,1644820.625,2052879.5,2230088.25,2218371,2067894.75,1749937.5,1426478.25,1155780.75,905054.938,781333.75,559805.063,409040.438,247635.469,184690.406,0,7944.356,17602.895,21803.732,21485.738,28836.777,45689.59,49956.695,61992.762,51095.914,50590.215,43517.188,31370.965,24552.299,21280.201,9801.014,9394.887,0,0,0,0,0,0,0,0,0,0,24763.613,72586.172,113047.719,127240.164,141851.969,149723.172,184338.094,180652.625,167202.266,139476.094,111844.203,97013.914,62136.07,46014.57,26796.541,21840.742,13415.581,11589.546,9854.797,0,0,,,,,
0,454860.031,852302.875,656342.563,948274.438,593478.938,584328.516,372434.109,320631.196,93283.594,56573.555,49719.355,25767.996,23394.369,16854.729,15437.438,12448.226,11298.058,0,0,0,0,15921.71,35744.824,38488.512,49250.75,58908.652,50004.98,25666.1,29405.111,17246.086,10831.939,7566.331,86144.461,129711.773,157158.047,269243.375,351337.094,448394.563,425279.438,431157.969,397643.375,339247,266780.875,197674.016,156515.297,118975.758,91810.945,64835.961,54203.191,32191.158,25929.252,0,2763.628,9236.754,9816.987,13978.624,15811.724,23866.332,29735.158,34591.105,28891.484,29629.082,24223.857,16470.494,13534.824,8406.324,0,0,0,0,0,0,0,0,0,0,0,0,15241.586,38624.977,54320.371,62000.551,82435.297,89482.18,113544.883,104178.109,104284.859,88467.055,70525.563,53354.238,33816.727,22535.314,14609.899,8133.438,0,0,0,0,0,,,,,
1,809413.188,1071109.875,967411.25,874898.563,473269.75,246232.705,132614.943,69986.362,27789.291,30876.432,20748.141,14993.004,12552.037,8299.286,9728.264,11869.975,11893.067,12579.352,13406.629,9413.47,8354.994,0,0,42737.02,0,0,0,0,0,0,0,0,7069.211,10454.653,9598.552,17883.35,28496.307,30833.787,34608.527,28447.922,27409.15,17270.865,13893.097,10856.634,0,0,0,0,0,0,0,0,7370.651,15776.005,18611.055,29273.664,27436.268,33297.172,40063.336,42057.813,38680.09,33986.711,29567.879,22409.057,16177.348,10881.743,7264.934,0,0,0,0,0,0,0,0,0,0,0,32780.48,74033.906,96389.805,109097.984,116628.703,134350.203,130051.25,135396.594,125464.57,101856.977,88169.266,61824.598,45286.129,33665.809,17388.174,12214.004,7162.857,0,0,0,0,,,,,
0,1144520.875,1719884.5,1521280.125,1503132.625,1010104.438,692299.953,476692.336,319103.773,96484.836,97276.375,90395.531,100553.156,134210.594,174394.547,290892.688,423526.469,647642.813,742660.75,674277.063,699951.438,571427.125,11757.464,16602.873,20841.314,27226.082,26968.061,28529.527,24637.984,19988.586,12725.163,7297.536,0,84603.617,102064.391,117174.383,163723.094,209335.469,145618.766,250587.094,167642.578,211862.484,123443.852,151032.563,79967.625,95692.82,58507.473,55065.516,40998.91,33819.52,21581.943,15335.191,0,4409.201,12589.382,18879.586,21906.654,28248.539,32326.428,35151.773,43802.102,44568.242,46272.859,39359.074,33157.809,28314.506,19012.441,13018.589,8927.003,7398.05,0,0,0,0,0,0,0,0,0,12551.356,36694.617,52679.129,66845.594,81132.281,91889.219,94145.203,105437.484,98633.789,91687.609,82388.672,72853.648,52179.008,44470.91,28468.885,20721.361,18277.652,12987.09,10347.579,0,0,,,,,
0,7500075,10286891,8761979,10052898,7919638,6204977.625,4453496.063,3293968.438,920289.625,860143.688,951896.813,922537.75,1138371,1523714.25,1961334.5,2849879.75,4273449.5,5075980.5,5721675,4473413,4329139,769677.938,1177798.125,1430447.375,1591405.5,1567020.125,1167576.125,735715.875,605179.125,282408.219,155810.969,104391.328,1662295,3277908.75,4303365,9284678,12984106,16208985,15944921,16471504,14597209,9731784,7180771.5,4358449.5,2820078.5,1861228.25,1126993,691227.438,388709.031,199860.516,104889.797,0,5919.275,18515.672,22501.131,26643.629,31911.34,36078.539,41203.52,39913.137,38275.137,36241.844,30170.791,22606.307,18319.666,12067.979,7662.333,0,0,0,0,0,0,0,0,0,0,0,13534.591,46782.027,65958.648,65168.965,80737.883,83690.203,86288.758,93593,84606.82,78758.102,64631.363,56761.059,39086.469,25363.73,16116.016,12246.778,8654.354,0,0,0,0,,,,,
0,4032236,5667556,5058516,5240135.5,3575517.75,2318972.188,1570463.25,984717.063,258750.859,202078.234,141836.422,112316.359,98389.156,103385.031,127113.047,149233.797,234176.828,217271.828,342016.906,298285.938,341394.313,162657.344,236029.688,272084.531,275746.75,189933.547,151731.953,136094.609,114029.586,64224.348,17263.283,25995.4,1125979.125,2090877,2771892.75,5709659.5,7589442.5,10295313,9845151,9142340,7443287,4946905.5,3526168,2027574.625,1368991.75,812390.125,577154.563,321476.313,196327.063,110173.742,67483.469,0,0,10459.82,16536.955,21025.766,23593.703,25847.506,38645.254,45027.953,41327.902,46943.66,40048.434,36451.406,26272.934,23706.506,13799.954,11636.539,7246.964,0,0,0,0,0,0,0,0,0,14073.697,39440.754,71915.578,68366.977,77127.438,92792.414,96944.984,102746.813,104655.781,94802.875,82231.32,70576.375,57217.621,46502.41,28405.023,20884.49,14635.84,14433.263,8387.53,8311.366,0,,,,,
0,2962210.75,4774547.5,3749785.25,4084752,4026906.75,2755890.844,2474300.594,2177574.063,747438.438,646176.688,524549.25,368881.375,255324.188,158730.328,105530.547,56208.035,42949.988,21306.107,14992.189,0,0,137522.859,314345.094,398200.438,523889.969,565853.25,638099.188,467447.125,503473.781,256690,166791.75,136442.516,90957.492,179043.234,334029.875,747729.875,1234604.5,2041584.75,2598875,3331752.25,3447404.75,3246952.75,2827203,2211214.75,1815817.375,1473673.625,1196751.625,830821.313,552402.438,349003.656,210677.75,0,16408.504,37327.637,53527.773,78026.055,93031.5,123808.859,142043.281,168818.281,173899.859,184910.438,154827.078,146143.703,131408.563,106105.266,92957.5,73176.883,59290.254,46901.227,39014.875,27323.619,21705.467,16025.646,10935.004,6770.459,8750.402,4339.506,29074.941,78853.93,130437.641,158145.109,176617.797,241605.5,246370.031,271633.844,285068.344,273887.906,273244.938,232448.125,208786.938,188234.703,132888.375,112427.555,93986.219,82284.109,70236.391,51527.355,41712.301,,,,,
1,1411781.25,3413804.5,2190641,4239817.5,3472207.75,2910268.813,2344207.313,1577154.438,559788.5,530600.625,309661.406,206019.453,110708.969,62049.5,39424.211,25422.586,19082.525,7472.62,7532.527,0,0,49211.797,95059.859,116607.094,150127.172,187427.359,141391.141,121564.766,111296.445,62805.012,40573.418,25676.027,94273.32,200481.422,306323.875,600193.125,1012818.563,1252068,1434554.625,1583900.125,1399192.5,1112016.125,934518.438,621486.875,452734.594,311399.813,224757.453,142790.75,97269.484,60054.066,36076.613,3016.315,10993.861,33538.688,38029.598,61498.156,77923.383,104138.758,124485.797,152330.141,177710.297,172638.875,166450.281,157850.109,140538.594,122063.313,104435.383,80870.578,72051.516,57061.238,46798.762,35009.68,22075.543,17682.127,12176.088,7274.879,8978.165,4158.779,49960.508,153786.563,225878.984,290827.688,309169.219,362145.313,457688.406,475206.75,546731.688,468410.219,494769.875,427749.031,380978,344538.969,243132.922,203003.031,158214.984,130584.805,97925.07,75578.477,52021.074,,,,,
0,368510.969,623620.125,508402.063,605164.813,418837.219,303441.89,230022.852,158955.715,55836.246,51309.387,31873.834,27565.48,17949.039,11944.25,12975.667,8164.549,9464.492,0,0,0,0,7549.517,17047.932,22830.141,33830.332,29757.564,40297.059,25396.295,24057.787,19906.973,11636.702,8752.878,33477.637,50620.945,57499.875,101367.5,128314.117,155302.563,169788.953,162654.172,162193.672,128093.539,108257.07,95149.219,73971.539,53735.441,43790.715,34472.824,22823.902,14398.55,10866.421,0,0,0,0,0,0,0,0,0,0,7475.945,0,0,0,0,0,0,0,0,0,0,0,0,0,0,0,0,0,13876.606,16752.754,25411.402,19017.566,26462.865,24065.348,27474.248,24012.672,22870.014,16061.164,14663.827,13905.946,9086.235,0,0,0,0,0,0,0,,,,,
0,1359684.25,1613474.5,1479543.25,1493932.5,892981.313,894001.157,583368.032,547714.922,124608.727,152151.859,122687.727,70494.172,63114.25,45557.332,37341.617,34400.012,30767.867,23775.717,22496.59,0,11685.424,45166.586,116636.461,149370.047,270742.688,255592.203,235616.313,157028.188,176654.953,105752.656,83930.617,50128.863,139240.484,207185.359,252318.766,485672.688,771433.375,1003987.188,1076378.625,1250499.375,1282489.125,1145683.375,1050487.25,819706.438,671289.375,519268.031,443317.156,311576.469,245000.047,174741.688,140942.469,0,0,0,0,0,0,0,7228.075,8782.185,10538.507,8393.938,9361.899,7342.791,0,0,0,0,0,0,0,0,0,0,0,0,0,0,0,0,0,9078.306,7655.899,8506.404,10140.588,8787.637,9260.106,0,7872.31,0,0,0,0,0,0,0,0,0,0,,,,,
0,1515443.125,4504551.5,2690938.25,5880339.5,4459354,4919183.844,4208583.75,3419859.875,924170.5,684058.813,626625.125,452164.969,302833.063,240246.563,181119.234,131492.5,99182.336,75576.547,52684.645,18064.586,27537.416,254883.953,655933.938,788878.688,1037858.25,1229645.5,1149500.125,863461.438,847217,413922.531,337284.938,237061.188,306402.813,613177.5,901179.625,1996132.125,3449822.5,5016315,6379095,8038990.5,8332805,8326687,7327286.5,6225714.5,5308659.5,4344569.5,3830512.5,2791983.5,2245695.25,1582090.25,1068253.875,0,1764.999,0,8422.312,9936.383,12085.326,12485.935,13144.047,12816.689,11654.476,14268.352,12758.194,11660.563,10983.854,9584.047,0,0,0,0,0,0,0,0,0,0,0,0,18290.697,46647.305,64296.984,68202.148,75595.68,80832.117,80789.25,76904.82,76808.555,68609.672,53607.711,52919.48,39891.125,35342.969,20003.311,12874.067,10093.965,0,0,0,0,,,,,
0,706492.5,688750,698891.375,589892,371165.656,260652.019,185236.355,127518.804,46406.828,41426.527,29121.037,22301.678,20662.598,20025.221,17816.857,18215.035,19897.992,13136.498,14839.596,13562.192,13967.451,14900.052,23418.871,28359.986,30014.238,38081.535,37427.684,20488.795,16905.059,14375.114,0,0,64001.602,102619.828,154484.25,304826.813,438275.313,536576.563,562240.5,549629.625,463521.656,353398.844,256049.797,185789.125,109456.281,85838.313,47581.359,43617.219,18788.338,22353.768,0,0,6060.451,14969.711,17635.652,21119.209,22628.623,33946.48,37583.707,32550.443,38787.539,34404.203,33485.172,29893.012,23155.963,17497.33,10802.376,12067.472,8938.211,8373.419,0,0,0,0,0,3239.539,0,2094.227,13582.809,42168.375,53597.008,61863.742,68520.109,74545.891,85098.5,82884.57,74448.484,78016.945,73778.656,54774.094,47945.414,36548.203,28297.559,21683.645,18475.551,16452.25,14454.351,11555.188,10094.186,,,,,
0,431290.063,526379.063,530763.438,430134.875,267031.625,181624.508,122485.261,86195.148,33059.23,34768.156,25377.109,14759.316,12202.603,9068.33,7751.79,0,7608.064,0,0,0,0,8583.801,17540.045,22370.393,31273.912,33338.508,32676.182,21416.834,20336.387,14506.489,8660.581,0,52190.695,82471.492,92942.188,137784,192572.594,226083.047,217871.766,220917.156,207116.172,181149.75,139682.344,103594.164,75177.289,56736.488,42567,30127.488,18907.621,12278.706,8952.312,0,9513.23,24759.879,31156.414,33987.266,45527.324,60758.449,81750.375,94518.547,93773.664,81660.055,68590.625,49899.465,37768.285,25293.355,16711.203,10881.407,0,0,0,0,0,0,0,0,0,0,42673.719,122824.992,175268.453,203813.828,281727,265912.625,324375.75,369770.125,350904.406,294870.438,235504.594,179762.141,114201.773,83180.195,43555.84,26376.037,17204.465,11685.689,7389.813,0,0,,,,,
0,33169518,60265780,49491888,60160940,45598580,30062138.75,15690712,10356429.5,2175263.25,1500212.75,889896.313,473447.063,315788.781,307613.906,225672.563,65716.695,136826.406,0,135646.703,0,79828.805,3153643.5,5921962,5330066,6569508,3976015.25,2821243,1488720.375,1636211.5,614081.25,385133.281,384856.156,28065332,45663048,52209584,93885824,120685104,131101904,131022000,125856568,110630824,79500464,62151640,36787376,25784194,15592751,10300109,5715220,3649022.25,1971228.375,1218843.875,0,9425.434,24624.813,32749.275,44425.23,51175.348,59096.648,62489.555,68430.805,69555.219,66125.5,57680.492,50196.609,40902.84,26922.313,16531.076,13487.485,7734.683,0,0,0,0,0,0,0,0,0,16848.449,47337.031,70614.875,75215.539,101327.07,104082.969,110138.695,117101.352,118400.172,103183.539,94442.367,77622.273,56415.855,43721.387,29998.576,20455.895,9726.091,0,0,0,0,,,,,
0,6706626.5,11988401,9450995,12378072,7499905,7180762.688,4963124.375,3593867.063,996552.063,843901.688,630165.125,498970.844,414569.594,376865.188,330585.594,325408.344,310984.594,242131.281,209654.359,144675.969,117489.703,16823.061,35503.238,28358.736,56264.691,38784.324,44724.297,22439.156,26005.945,10766.609,10354.691,0,59852.629,129746.383,164310.625,332144.563,481032.844,598817.438,655688.063,655882.438,578456.375,414761.188,330770.125,210742.219,152770.453,115647.609,90078.336,57536.695,40449.855,22983.174,15384.799,0,3078.502,7725.158,9580.452,15132.486,19705.889,27899.867,33365.492,31391.463,39997.406,35287.309,30402.25,27072.068,20631.447,18973.291,12049.969,0,0,0,0,0,0,0,0,0,0,0,0,16664.713,23334.607,34325.863,40996.402,47871.766,47968.375,52680.688,57091.293,48765.223,42987.988,39387.594,30631.451,20879.787,13334.5,9223.722,7029.321,0,0,0,0,,,,,
0,76430.758,100692.742,94095.227,98636.867,89210.891,68755.788,43559.156,37668.533,13493.515,19166.117,15102.872,7729.12,8996.742,7773.461,7931.62,0,11523.571,7305.393,11439.943,0,0,0,0,13026.228,0,0,0,0,0,0,0,0,0,0,8553.273,15134.504,26456.602,35269.262,43979.566,45864.902,42493.844,31706.949,24064.305,15102.378,12179.868,8626.557,7091.146,0,0,0,0,0,2805.538,9320.833,11523.023,11065.534,11935.115,18105.566,22231.207,22374.201,24507.279,21351.342,20107.762,18688.268,13894.841,10294.574,0,0,0,0,0,0,0,0,0,0,0,0,9261.605,20852.283,35216.328,37152.18,46476.66,52033.414,48314.719,52987.953,52628.715,42224.086,37224.137,28058.766,20005.732,14391.602,11059.407,0,0,0,0,0,0,,,,,
0,7311429,7872946.5,7890017,6398487,3463052,2980910.563,1779543.125,1793628.063,551471.688,678150.188,682812.313,681284.063,809036.063,847555.625,881284,998620.125,936507.938,1064775.125,1013774.313,645857.563,465377.281,97524.398,177207.172,193820.844,244627.625,164640.594,118717.711,108849.406,83070.125,36995.422,27491.656,17605.199,923182.688,1623897.125,2254397.5,4223166.5,6297203.5,7868582,7586131.5,7286697,6238450,4135740.25,3154217.25,1800887.125,1340964.375,842316,554169.313,321580.5,191679.953,105302.117,66941.914,0,2137.117,0,7977.943,12105.614,12846.775,13260.224,19136.238,15569.742,19573.273,15735.241,14342.868,12890.693,9944.063,0,0,0,0,0,0,0,0,0,0,0,0,0,7972.585,23811.045,32202.738,35455.844,47257.961,47503.133,53877.387,62276.82,61532.496,49035.695,42363.938,33468.543,24360.197,16527.428,10095.896,0,0,0,0,0,0,,,,,
0,6067829.5,4212910,5854079.5,2619654.75,1124497.625,395292.438,164953.668,90060.317,20415.211,22365.316,12948.258,0,0,0,0,0,0,0,0,0,0,8206.813,10692.756,8816.171,0,0,0,0,0,0,0,0,18687.188,24567.654,32360.682,47587.887,69586.664,81603.742,83457.352,68802.438,60184.805,41517.93,34385.313,17989.928,12904.71,7320.701,0,0,0,0,0,2555.785,10004.066,26242.629,35876.703,45048.652,59622.91,63938.703,59250.176,64753.813,54818.445,42060.359,40422.828,29343.305,18793.43,16229.075,10199.22,8106.541,0,0,0,0,0,0,0,2902.465,0,2126.282,42175.223,103879.969,143293.313,181966.375,186598.281,192952.219,193474.281,182060.844,164317.766,123191.117,100392.297,77240.984,49740.73,32558.143,18514.996,13294.473,0,7231.308,0,0,0,,,,,
0,2262425.5,4613208,3369447.25,4978870.5,3682314.5,3023596.344,2136514.313,1515876.844,443908.625,368114.094,271759.938,153116.563,100188.891,50747.918,38466.527,40969.223,28861.719,25637.648,20250.496,14594.523,9873.928,0,0,0,7001.421,0,0,0,0,0,0,0,0,0,10131,11961.676,28593.576,44053.449,46058.777,50552.922,36545.047,29357.656,21930.357,16678.486,0,8288.771,0,0,0,0,0,2898.677,14736.76,42439.641,43699.633,60827.34,67000.477,79236.508,89872.406,103436.867,96758.188,89580.883,87230.438,73057.797,56359,44526.129,30831.021,19684.086,15503.639,12397.432,7794.42,7574.77,0,0,0,0,0,0,26020.195,80419.188,92935.539,120125.656,160065.063,151456.156,147950.125,160591.5,143083.906,131650.484,95769.344,80949.398,63389.82,39343.133,25339.387,15718.01,11249.498,7371.732,0,0,0,,,,,
0,1459867.625,1450458.5,1689774,1559737.375,1177221.5,756750.829,680774.914,630408.188,180725.938,264945,261442.063,200953.281,245254.219,206358.125,189753.422,163389.719,147001.609,74657.133,81361.305,42177.906,41893.367,48406.723,121517.172,115234.477,179622.406,179472.625,176492.109,117952.703,135838.656,80832.406,37032.676,24736.57,68714.688,138839.984,209546.719,451248.156,824594.313,1190031.875,1502842.5,1793339.125,1759004.875,1700432.5,1498729.375,1125961.75,908450.563,707055.563,611226.188,400674.719,301183.938,169521.328,98914.75,0,1613.6,0,0,7591.369,8544.101,10162.925,10555.537,8448.81,12194.723,12075.858,9104.17,8278.653,0,0,0,0,0,0,0,0,0,0,0,0,0,0,7555.869,20929.371,29395.572,34743.387,34178.629,34335.73,34887.449,36821.742,35268.645,30358.471,27344.205,20977.809,14149.022,11527.858,7633.657,0,0,0,0,0,0,,,,,
0,196010.875,248566.938,238134.969,202093.484,144911.078,85491.941,57333.976,41843.898,18123.479,26258.732,17026.867,11185.793,0,8530.111,0,7672.214,0,0,0,0,0,0,0,0,0,0,0,0,0,0,0,0,7391.379,7336.313,9980.332,17309.158,28569.744,32399.002,34614.332,33882.23,30985.82,17625.152,13551.03,9411.665,7028.328,0,0,0,0,0,0,0,11437.073,24662.719,33983.996,40975.102,42965.645,68021.633,82621.414,102686.984,93878.211,81015.297,63801.914,50128.789,39102.875,21177.012,13967.981,8723.377,0,0,0,0,0,0,0,0,0,0,41706.52,115551.445,180180.922,178315.734,234140.797,277045.531,315482.906,317347.344,316522.906,244132.313,197988.531,144070.906,96442.641,56741.98,33737.363,23874.482,13767.181,9928.725,0,0,0,,,,,
0,1310777.75,1112212,1443978.25,867206.563,573188.563,271476.981,156794.254,101449.451,29705.375,37162.629,29238.494,21323.035,18415.18,17763.555,24741.68,28197.455,31886.1,32402.438,43724.418,46520.898,46180.441,12338.653,18654.156,17790.91,16764.143,17027.857,11862.121,7162.839,0,0,0,0,172897.391,200956.031,193093.625,390539.125,504876.594,529686.563,537063,457527.125,372976.625,225163.578,164388.859,104871.586,71930.078,42938.129,24787.215,13812.009,7583.72,0,0,0,9055.484,26224.104,31460.605,45151.582,56005.93,80139.375,97666.234,123758.461,121303.352,108030.398,99144.945,78499.008,70918.93,50728.395,33443.859,27250.279,17922.5,12743.516,8958.477,0,0,0,0,0,0,0,23460.035,64101.426,82138.984,99541.906,125955.977,139467.547,159606.859,174806.266,171005.75,152167.469,138926.969,126969.406,93951.789,69200.133,50387.219,28829.752,24484.289,17155.332,12791.365,7592.139,0,,,,,
0,4051871,8569539,6764278,7428692.5,5157860.5,3610359.25,2485301.375,1839554.625,618593.438,515236.844,397263.344,336234.188,308873.25,299143.313,301998.563,257861.203,270026.813,0,283814.469,0,180471.438,504855.938,956335.063,1054445.25,1136810.125,790019.875,780927.625,381793.313,345125.094,151392.609,89787.945,60761.336,3476665,6238065.5,8552093,14334049,20174212,24058246,25641064,24161392,18765852,12879995,8744027,4982783,3069135.5,1758216.125,1157191.375,623441.25,377443.938,205095.297,126532.563,0,5224.557,12672.46,21793.059,27318.568,33268.293,41960.621,48280.023,47685.676,47599.195,40255.73,33814.406,26742.287,15556.63,13436.021,8314.547,0,0,0,0,0,0,0,0,0,0,0,25017.381,66417.32,108207.531,117375.234,138359.047,158242.766,164759.156,170838.641,165179.297,127773.719,113382.117,81265.031,55802.324,37108.953,22179.408,14383.442,9524.062,0,0,0,0,,,,,
1,155590928,121137848,133746632,106987232,97165672,130212140,151683020,176796408,91181760,93153352,92727192,92412384,91308264,94866464,89206864,86688800,86448384,80583456,74171504,66943516,60171920,52908.754,121198.414,145667.969,156157.563,69279.563,56515.863,31246.297,15618.218,7399.187,7217.414,0,43979.66,46745.645,59720.801,102147.141,109251.125,150363.75,105893.148,105801.789,124151.734,94976.945,83958.539,55026.031,39174.547,35350.902,29551.994,13866.646,15045.707,7516.686,9707.247,0,2342.521,0,8847.693,11005.021,12137.244,12252.952,12715.182,15053.263,10607.04,13036.604,0,12079.66,7179.132,0,0,0,0,0,0,0,0,0,0,0,0,0,15166.392,32193.795,51298.559,56427.074,64764.355,75566.289,91105.375,80672.125,83694.5,62850.969,85546.078,44966.219,60675.617,25837.963,31637.711,11149.464,18789.959,0,9324.89,0,0,,,,,
0,922496.438,2067010.875,1090790.5,2399681,2002419.625,1683358.359,1226102.876,680418.563,180525.375,120022.141,104033.352,59971.215,35840.555,21630.768,13409.833,10667.646,0,0,0,0,0,13957.282,29439.393,35520.676,46184.688,54296.895,49464.895,28363.244,24599.582,20160.924,13696.347,8312.76,17922.16,25580.773,45486.848,88416.125,141456.359,213748.844,267361.188,316566.438,332034.469,301459.469,274113.781,197732.188,155861.75,127344.922,95463.438,65000.57,47864.289,32398.293,22529.525,0,0,0,0,9142.016,9095.813,11748.633,15149.337,15484.56,14588.112,10368.307,8847.898,7149.315,0,0,0,0,0,0,0,0,0,0,0,0,0,0,7646.082,23612.863,29463.604,38400.383,46353.77,47840.488,49484.133,48432.188,44977.953,32378.197,32364.016,21415.24,13783.304,10826.276,7424.804,0,0,0,0,0,0,,,,,
0,192473.344,478670,319733.906,531336.625,466552.594,329405.992,243212.586,215287.57,68016.109,53376.715,38880.855,25141.574,19723.855,14016.049,9063.401,0,0,0,0,0,0,10249.479,24252.752,29399.439,34111.559,32617.182,30674.643,30955.594,33545.023,13525.935,10793.947,0,13255.979,25720.063,42094.824,98054.961,178139.25,278715.375,366537.844,455927.5,427500.594,415538.594,343682.438,248615.359,194466.953,146195.422,106173.953,67049.273,50646.199,29378.127,19286.367,0,5572.884,17592.541,21889.748,25355.121,20621.746,29191.891,28060.965,30047.314,25704.346,24456.176,19241.555,17755.881,12735.392,8306.271,0,0,0,0,0,0,0,0,0,0,0,0,22026.762,59827.773,81064.188,79871.359,83733.797,76391.734,86490.57,80659.43,73447.281,63015.809,50275.008,43902.18,29710.07,20410.129,10956.654,9576.691,0,0,0,0,0,,,,,
1,5958761.5,5922673,6630657,4598071.5,2782775.5,2148218.375,1766985.031,1537543.094,626422.625,927253.5,1094024.625,1300311.625,1371904.375,1187765.625,1452504.625,1729611.125,1955977.875,1834928.75,1444610.875,1450488.375,1310828.625,0,7184.885,0,7857.122,9923.496,0,0,0,0,0,0,9447.114,16422.455,22220.457,20120.736,61212.629,84253.258,98417.859,103936.883,99735.219,72361.609,63604.605,38475.641,31578.621,16822.729,13365.905,8202.791,0,0,0,0,5440.612,11188.323,17540.631,21060.109,23583.162,26679.078,36086.613,40982.199,40722.523,36227.777,36210.988,29707.264,23502.15,17004.27,10856.087,7600.184,0,0,0,0,0,0,0,0,0,0,18604.322,41425.176,58856.328,69038.969,75519.516,85522.867,87353.586,85884.156,86292.563,76646.063,66699.266,50743.746,41214.73,25566.855,17008.857,10056.391,0,0,0,0,0,,,,,
0,739782.5,744028.813,944992.625,682814.313,436634.906,235924.043,136391.063,93477.852,33743.375,33970.891,24391.178,15377.053,7834.187,0,0,0,0,0,0,0,0,19199.217,16067.891,17505.109,20630.844,9021.274,8393.122,0,0,0,0,0,8713.919,16501.025,27530.777,50756.668,72666.734,93255.102,99491.172,101158.594,79356.633,61865.066,41641.203,25283.633,15313.8,10700.008,0,0,0,0,0,0,4978.191,12606.997,15744.276,18735.904,21237.902,23797.535,27126.82,30839.713,31702.035,28725.779,24117.088,19251.338,14243.914,10122.745,8394.553,0,0,0,0,0,0,0,0,0,0,0,15640.098,44131.832,54333.926,57326.348,69250.992,74127.391,79819.211,73946.5,66290.773,54506.551,49061.59,37948.004,29471.797,20697.764,10837.942,8465.677,0,0,0,0,0,,,,,
0,934983.563,895135.125,1060992.375,583621.188,292534.688,131924.578,99149.608,54013.074,18478.307,25942.467,20845.695,14849.043,13272.034,11971.688,12061.798,11614.09,13909.796,10631.542,9419.015,0,7599.84,0,0,0,0,0,0,0,0,0,0,0,7065.214,11120.276,14519.335,23677.209,37541.488,46648.324,47073.156,43245.871,36040.34,26504.553,16720.438,9627.69,0,0,0,0,0,0,0,0,4967.199,14381.479,17942.166,19000.141,22451.797,23092.637,24609.561,26595.791,24449.215,20033.748,18914.93,14825.007,10171.602,7957.716,0,0,0,0,0,0,0,0,0,0,0,0,17392.926,44246.434,56579.688,66925.523,66619.461,73532.75,74995.969,65366.563,69119.656,57582.465,48464.109,35790.754,26852.396,17366.416,9911.333,7208.665,0,0,0,0,0,,,,,
0,561423.125,569658.313,614998.25,348560.688,201159.641,105971.847,61797.02,41970.207,16971.803,21245.291,17871.908,9549.119,7108.529,0,0,0,0,0,0,0,0,0,0,0,0,0,0,0,0,0,0,0,9456.268,14288.763,14795.921,27567.002,43998.961,61108.301,65747.641,64539.656,61928.234,52508.129,39063.914,26284.186,18586.787,12727.699,9329.799,0,0,0,0,0,11481.609,22299.5,27139.023,30903.492,38537.996,44170.41,57899.406,60432.758,62100.281,61821.402,45204.164,44355.957,32878.785,25147.451,15495.323,10440.068,7701.866,0,0,0,0,0,0,0,0,0,19932.436,53010.641,78624.32,86130.297,103040.023,92467.906,118078.914,114237.719,106311.07,101649.047,98774.359,76404.094,59913.723,39301.32,22918.482,17992.156,10280.721,0,0,0,0,,,,,
0,18954804,32660546,26564878,30984224,17394374,11570528.38,6821466.75,4345686.625,959353.25,670884.375,396914.219,194661.422,160829.781,105555.375,70938.563,0,40472.355,0,14705.064,0,7119.005,1056328.75,2152750,1723142,1772736.25,1793777.375,1297274.875,587221.438,586549.125,240040.047,183580.453,141358.281,12985705,21486434,27631878,49897136,65270364,73416256,70031096,63640312,51327188,33899788,22178178,11839253,7349268,4026119.5,2313849,1142630.875,661738.25,339337.688,190299.969,0,7952.015,18905.482,23352.08,27359.438,38498,49849.379,50782.5,58377.219,59080.211,53089.898,50357.242,41583.406,32635.955,24244.184,19438.963,13552.945,7628.566,0,0,0,0,0,0,0,0,0,9038.987,27490.1,44156.34,52190.477,58358.84,78776.547,83750.039,88565.016,82951.68,79433.461,78539.016,60427.664,46061.441,32691.373,22572.096,14818.079,10297.115,0,0,0,0,,,,,
0,1472739.375,2998900,2328449,3375472,2712536.25,1896228.125,1454356.75,1158636.188,374698.313,367349.25,267508.625,144090.328,113388.938,70304.414,52945.617,31183.777,34370.133,8563.496,31777.457,0,20583.453,273018.063,437896.781,561894.125,829870.75,882851.75,627965.375,444630.094,577217.75,310154.375,156230.203,96559.445,849333.125,1489669,1958074,3745531,5510876,7110661,7696462,8020124,7713600,5884429,4868967.5,3239432.25,2651949,1819640.125,1372704.25,832325.5,650281.188,363795.188,270142.281,0,3556.227,0,8955.89,9424.089,9715.839,11481.951,14089.989,12011.11,11859.216,13619.442,10434.315,8539.554,0,0,0,0,0,0,0,0,0,0,0,0,0,0,7146.072,25912.801,30465.473,32622.322,35047.965,40629.809,36876.105,37117.559,35195.676,31536.266,24353.285,17193.043,15221.16,10043.843,0,0,0,0,0,0,0,,,,,
0,1822595.875,4561658.5,3211575.5,5421116.5,4040672.5,3104322.563,1970570.813,1460381.188,401424.844,349270.594,225281.531,190723.422,106930.359,71563.984,49652.977,23033.754,28456.119,0,18181.238,0,0,388915.25,605123.5,746983.813,845529.563,594997.875,558278.625,402571.906,408495.281,198810.969,86192.789,78258.516,2379057,3987150,5359284.5,10648126,16002535,19482610,21036188,20404990,17512880,11737920,8603852,4979987.5,3443289.75,2161915.25,1476112.375,841057.313,543135.875,293457.438,197386.156,0,2206.277,8163.131,9278.205,14539.751,13992.166,17523.02,14633.4,18342.297,18326.408,16896.854,14717.613,12881.415,11334.451,8985.204,0,0,0,0,0,0,0,0,0,0,0,0,10364.337,27944.824,32066.48,43316.414,45367.684,49673.672,50852.383,56766.605,55118.465,45762.434,34402.883,32027.521,26577.328,16394.523,10659.185,9048.218,0,0,0,0,0,,,,,
0,407063,366882,416113,259221.594,162993.313,98027.012,73764.987,49929.215,15552.401,19157.289,20113.441,10068.2,7978.181,0,0,7060.09,0,0,0,0,0,0,0,0,0,0,0,0,0,0,0,0,0,0,0,10825.306,20710.232,23136.938,35056.609,31996.939,33338.215,27589.758,22153.068,15492.808,11282.296,8714.297,0,0,0,0,0,0,6831.085,19530.951,25475.869,30456.916,40843.289,44672.438,51105.547,56313.438,59406.523,43968.621,43661.406,37823.676,27790.766,17660.775,12885.274,8346.332,0,0,0,0,0,0,0,0,0,0,31527.738,80358.055,104072.898,127253.117,137547.484,146841.531,158855.25,155636.891,159857.641,139432.375,114518.664,80350.273,69516.797,47458.621,28285.41,16501.883,9605.087,0,0,0,0,,,,,
0,445152.75,799311.813,604026.563,782128.875,613252,373002.484,283204.48,231561.281,72047.508,106769.492,105464.969,110564.203,151634.063,165468,175868.484,170153.188,175651.656,106264.398,105602.18,61225.18,52511.82,35841.355,52019.77,71529.789,67672.422,82564.883,70766.57,38368.918,26188.818,24718.479,0,9484.865,19873.045,51792.156,91886.57,188002.984,325964.938,474138.063,571165.313,633668.75,631182.625,548365.875,387671.281,292156.938,206413.984,122322.914,97228.359,54529.035,36711.984,22294.064,11299.8,0,0,0,0,0,0,9591.607,10673.27,15315.414,16999.395,15707.534,14607.001,14927.108,12612.86,9534.673,8763.546,9676.244,0,0,0,0,0,0,0,0,0,0,0,13679.652,16080.656,16074.197,23407.764,20228.553,26119.662,24626.047,24058.73,23298.734,20560.666,18193.914,14502.134,0,0,0,0,0,0,0,0,,,,,
1,420442.875,473525.969,475751.969,442813.125,318120.375,190472.912,145119.289,120226.883,52211.695,57241.039,59459.832,42673.824,49660.895,50942.078,51219.156,61470.52,48506.371,55611.332,56464.172,39934.82,52931.336,18219.529,22267.047,27753.336,25575.656,24913.645,18045.264,11940.874,9965.332,0,0,0,82153.734,157574.875,185656.328,387854.281,573197.625,717098.313,722978.125,707623.813,583012.75,412426.719,279951.375,157286.125,99547.758,53333.758,33208.125,17694.881,9758.353,0,0,0,8004.068,18744.701,24640.121,27765.123,36951.777,36395.656,40709.5,40687.191,35919.695,36364.066,28765.205,18634.557,19976.773,11851.156,0,0,0,0,0,0,0,0,0,0,0,0,23456.865,69839.195,83652.977,90682.094,103684.156,101512.453,106073.969,95501.758,87797.281,74095.742,67493.961,56450.227,36620.109,26622.928,14486.751,9859.062,0,0,0,0,0,,,,,
0,603937.938,459455.281,573352.813,274583.906,157763.063,94705.103,62132.056,38590.704,13899.413,17787.051,14100.63,7024.054,0,0,0,0,0,0,0,0,0,0,0,0,0,0,0,0,0,0,0,0,9375.293,13858.458,20086.494,37665.473,54732.719,63590.313,67439.07,65877.336,51421.203,36575.766,25031.254,14410.81,10341.476,7197.495,0,0,0,0,0,0,4630.187,0,9183.991,10544.036,13835.53,13896.978,17050.578,14107.564,14024.964,13222.11,10357.131,9056.465,7264.791,0,0,0,0,0,0,0,0,0,0,0,0,0,11767.166,30056.068,32102.113,38679.352,40576.625,44660.559,44847.691,42387.844,39111.5,35925.48,32725.84,22036.229,17370.725,12224.501,7490.72,0,0,0,0,0,0,,,,,
0,1437420.75,1149154.125,1424995.875,704815.563,445343.25,225831.284,173800.643,107605.637,29105.33,32645.293,25601.182,14948.944,16424.695,13250.415,13967.862,12517.295,12235.226,13852.118,13959.204,10782.487,12122.2,14278.823,24444.67,28143.447,38555.105,28066.67,23614.473,18311.947,21364.646,9014.339,0,0,33352.98,59812.156,90824.016,164661.922,244287.156,300042.844,338105.188,317774.469,317455.156,253664.5,201234.594,126970.648,109022.242,82513.945,56408.953,40924.699,27083.527,16427.512,10900.66,0,5474.949,11655.705,14853.949,18916.83,23000.887,30082.197,34576.887,33734.898,31734.547,35298.43,30932.928,18446.486,23148.359,17211.627,11753.433,12444.436,9838.309,7682.556,0,0,0,0,0,0,0,0,10935.791,32881.965,54181.449,58468.055,77821.281,81398.906,99848.82,93294.555,96294.781,85242.109,74209.641,66866.352,56862.461,45379.156,34441.031,25594.58,20229.752,14253.303,10224.097,0,0,,,,,
0,2294909,2679227,2694654.5,1700851.25,1212974.5,654335.359,403194.422,285882.617,100236.328,91406.109,66995.273,37932.043,39589.059,27676.918,27411.264,19233.705,21075.061,8465.828,14558.25,0,8335.644,37079.156,72948.93,72799.672,82873.453,88450.289,76511.313,73241.391,67253.266,46451.238,17832.762,15678.979,198917.922,381775.531,600062.875,1097439.375,1592522,1918811.625,2045906.5,1991514.625,1696627,1068028.375,955201.563,592312.938,448599.219,288394.563,216251.469,143164.609,90571.305,62081.434,41887.492,0,2551.885,0,0,0,7230.336,8265.811,9242.452,7779.985,9722.569,0,0,0,0,0,0,0,0,0,0,0,0,0,0,0,0,0,0,11801.383,13952.644,16302.354,21351.627,22364.129,20687.99,17998.063,18988.615,13568.481,15630.962,9577.203,0,0,0,0,0,0,0,0,0,,,,,
0,1577806.625,1611622,1614930.875,1189712.375,742242.063,372404.27,236950.801,186343.937,54722.887,54714.762,33686.781,23801.504,14373.757,9016.639,7378.218,0,0,0,0,0,0,34220.047,40613.668,75639.875,82704.305,101752.305,65946.805,51414.543,48383.695,22181.273,17314.023,8359.237,69988.852,134209.719,182711.516,354669.125,584140.313,746802.5,841684.938,901331.375,841658.813,670147.5,509359.281,346982.125,234569.469,173722.984,131163.719,80781.445,51420.629,31149.281,15998.908,0,13134.421,33642.969,51740.398,67145.836,63536.836,98182.977,116016.016,117032.453,125870.914,119317.672,102557.281,96611.609,75893.82,59180.746,44084.379,31134,26864.574,16404.875,10808.556,9014.094,0,0,0,0,0,0,12844.839,34588.324,58650.5,66413.789,73349.266,89362.734,103772.383,108442.523,108664.055,85937.938,79045.789,72043.328,54696.328,39593.105,23695.258,16941.275,13567.518,10554.773,7863.245,0,0,,,,,
0,292098.969,400434.563,365556.063,407653.188,398695.438,413415.719,463927.937,472703.187,305492.563,500462.719,601274.625,702966,715261.313,380686.344,510726.938,612756.563,513273.344,351721.75,196586.563,130058.148,75803.703,12727.418,23333.168,25462.457,29264.459,31623.473,29386.799,21737.828,13165.35,8984.262,0,0,36340.48,45599.336,86112.438,227396.109,364436.188,523528,611803.375,624850,468916.906,291824.906,0,192530.297,149177.422,113743.219,78515.883,46633.379,28012.137,14786.264,7251.305,0,6220.653,24116.045,26111.045,30529.576,37285.59,42807.309,45805.016,49605.668,45424.484,42618.156,37085.156,27506.996,21361.346,14469.934,8872.082,0,0,0,0,0,0,0,0,0,0,0,25160.902,81775.664,106922.531,115438.453,127818.891,124176.391,130859.32,129764.297,114316.008,104886.648,88360.711,76099.281,53815.52,34477.625,19445.223,11442.385,7138.412,0,0,0,0,,,,,
0,307513.406,875813.375,525601.375,1159583.375,888696,974106.758,657931.859,657703.079,199745.953,138179.984,122777.313,65514.406,57992.469,46094.43,27340.506,25452.287,18149.979,12283.03,9246.877,0,0,58270.813,117261.797,165961.766,220547.594,212698.156,237682.578,149526.266,170665.734,89690.898,78216.883,53652.188,46325.176,91908.148,145920.797,355021.969,658123.188,1020030.75,1283339.75,1643292.25,1848132.125,1741632.375,1596898.75,1261187.125,1012780.125,823278.188,703183.5,500521.219,380489.875,245114.578,183805.266,0,2344.655,7015.526,7408.445,11416.005,11319.751,14293.632,14932.865,13783.999,15729.228,11470.652,11496.19,9529.826,0,0,0,0,0,0,0,0,0,0,0,0,0,0,7027.181,18660.994,28135.381,33872.891,40438.188,40570.348,40711.223,36847.645,38221.512,30723.883,24984.834,20738.139,14884.456,8460.432,7494.15,0,0,0,0,0,0,,,,,
0,874214.688,3476680.75,1854382.75,3723720.5,4113081.75,2869839.219,2352012.031,1926653,605687.063,480246.313,303982.625,145610.859,110312.93,59552.68,36857.348,25438.094,20511.281,13609.85,9758.06,0,7720.895,14555.525,37701.461,41028.055,67463.656,64316.211,69575.219,38009.461,50720.918,22757.662,14436.217,8797.177,12433.632,25921.898,46746.637,94413.492,174038.5,272651.125,339437.438,392255.781,474304.313,441038.375,373466.5,285177.438,233409.609,164932.813,119084.07,88530.781,65028.461,38354.969,26996.064,0,0,0,0,0,0,7029.297,0,7133.146,0,0,0,0,0,0,0,0,0,0,0,0,0,0,0,0,0,0,0,11533.194,13869.543,14562.878,18711.066,20193.072,19873.283,19621.934,19562.633,14826.234,14387.195,12798.729,10392.196,0,0,0,0,0,0,0,0,,,,,
0,133853.813,193198.531,157232.266,195306.234,131938.953,120534.711,93154.744,72527.743,19052.805,25501.469,17657.256,16974.158,11985.762,11201.09,8710.57,9914.753,9721.603,7497.613,0,0,0,9364.792,22556.537,22088.496,25283.975,29396.996,24343.182,15987.272,11331.665,0,0,0,35524.051,64946.531,86369.242,153013.125,233650.391,284556.344,297316.125,313662.844,274600.625,218535.953,170605.938,117884.375,83311.625,55201.621,41157.516,28155.037,16888.225,9970.825,8047.216,0,3150.068,10007.265,14517.611,17307.293,25883.197,28265.195,31416.328,32361.02,33345.309,29191.334,29994.656,25561.453,19418.346,12921.072,9462.46,0,0,0,0,0,0,0,0,0,0,0,8886.765,26146.85,36024.473,44394.328,49696.945,55651.086,61726.938,62236.836,60407.453,47794.977,48324.105,41813.469,30448.6,22167.273,13714.597,11341.49,7073.729,0,0,0,0,,,,,
1,2485812,2723939,2968930.75,2844865.75,2142636.75,1529630.281,1510002.188,1530841.688,952161,1049040.875,1618366.375,1507253.125,2143803.75,2161512.5,2160158.75,1959931.125,1817076.75,1094637.5,939552.188,560383.063,337880.156,40190.402,108685.836,108509.609,191105.891,172515.75,215939.859,141180.141,176807.953,92180.813,47777.531,38778.051,26629.418,52215.531,90570.719,185239.344,327215.688,481712.875,644610.25,757225.563,823106.625,743090.688,670495.188,487350.031,448624.563,316279.313,246836.375,188800.813,134343.328,83338.422,59293.426,0,6644.715,16470.453,22273.393,28778.244,35485.246,40084.238,45682.059,49716.918,53705.484,45859.332,37574.398,28936.92,21834.93,15394.397,9108.838,0,0,0,0,0,0,0,0,0,0,0,19724.742,63088.762,81246.086,87765.703,100349.414,116421.344,123672.492,116438.773,117064.242,103596.883,85933.141,71231.07,51625.332,34938.488,19717.016,14234.53,7799.276,0,0,0,0,,,,,
0,847494.438,1788194.5,1414972.75,2054445.5,1987096,1254463.547,814967.086,646361.11,175972.984,160589.828,108318.953,56514.832,56475.352,37412.094,26769.969,11924.528,16946.455,0,12365.021,0,0,131897.781,259480.828,213533.188,228608.328,216151.5,170741.016,106859.32,134421.906,76369.469,35482.258,21521.574,956022.438,1847457.5,2245896,4720859,6763309,8493237,8569412,8165818.5,6642842,4202921,3085113,1815346.75,1198680.625,746361.125,488643.031,280922.094,176302.719,102846.484,69710.406,0,3672.336,12303.198,14708.113,20737.768,21834.211,27458.07,33455.848,33347.383,36386.41,34756.746,32035.941,28574.457,24659.063,21254.076,14091.696,12202.382,8953.03,8935.752,7172.686,0,0,0,0,0,0,0,17986.512,57073.527,66844.445,85827.914,90159.008,95088.461,109327.281,124724.016,125965.836,101524.25,98073.266,84588.602,63039.336,56525.273,38972.875,28904.293,23441.32,20219.643,12864.833,13393.419,8541.444,,,,,
0,2294403.75,2425456.75,2430091,2054982.875,1449817.125,1118365.891,899668.547,858954.563,347276.531,541474.563,500133.781,680129.188,633523.813,819115.188,809617.938,802083.875,773925.75,638733.313,559836.375,494687.156,424735.313,27907.484,52561.328,75482.898,84671.836,86296.891,78109.359,51814.109,46967.508,26163.752,12177.297,13720.703,42342.453,86860.336,121977.375,277789.969,481292.125,684013.375,791925.813,864286.313,898212.25,734729,573942.75,428165.313,312283.969,206713.172,147210.938,103771.883,67775.32,41609.273,26197.34,0,6172.882,15633.649,21298.061,21912.016,31610.156,33558.07,33802.07,38556.719,39037.91,34740.816,31926.531,24860.324,18547.297,14537.998,9579.008,0,0,0,0,0,0,0,0,0,0,0,12804.25,36407.496,47001.172,47184.18,53569.75,63834.203,68895.141,61987.051,60700.918,59875.566,48654.531,39630.484,34368.203,23416.305,14941.429,8560.041,7226.359,0,0,0,0,,,,,
0,599750.313,496548.625,602584.75,401563.844,244965.797,150305.904,96866.616,65373.844,26732.496,35872.992,25782.131,18653.885,14425.794,12608.768,8737.608,16123.446,11313.093,26227.039,9548.074,22697.209,0,0,0,0,0,0,0,0,0,0,0,0,13761.473,10934.576,18932.463,13738.838,53412,12657.012,63368.527,21408.984,47655.266,56658.453,26264.871,46875.637,11655.585,35596.711,0,20301.164,0,10748.11,0,0,1946.849,0,0,7722.23,0,7420.917,10033.897,10526.9,10650.122,11760.427,9535.477,10931.308,0,0,0,0,0,0,0,0,0,0,0,0,0,0,9378.089,24327.01,28941.889,30189.615,31050.686,31704.191,33182.957,29029.338,31917.816,25778.807,20841.688,17464.188,11912.007,9602.831,0,0,0,0,0,0,0,,,,,
0,11254386,20069990,15765301,20721642,14555778,9915603.375,6223030.625,3713530.5,884564.688,670116.188,419724.188,251875.563,168282.563,108565.336,69867.789,31059.295,59767.758,0,46008.984,0,25266.041,1172438.375,1884585.375,2032387.75,2114523.75,1568227.375,1455749,934176.25,637079,359326.625,195849.563,159686.313,8320129.5,14024002,18834482,36736472,52852984,63002008,65610920,65553372,54788392,37722916,26863706,16471062,10917843,6172682.5,4153061.5,2323399.25,1372311.75,700549.688,396241.125,0,3762.396,11720.928,18876.502,16527.838,21835.836,23610.5,23573.289,25287.451,27548.938,23723.645,21212.963,19915.795,13403.4,10086.347,0,0,0,0,0,0,0,0,0,0,0,0,13198.496,39891.188,56272.199,58674.789,63652.395,63409.133,69638.039,77077.969,78897.961,70007.359,53689.375,41968.016,31897.361,20540.863,13874.27,7109.663,0,0,0,0,0,,,,,
1,872368.875,1030584.375,973137.5,977344.375,712288.563,520010,436440.234,338185.102,102646.648,107422.906,83965.781,72314.109,43290.066,37061.844,20460.77,14337.254,14103.89,8863.966,12178.271,0,8975.786,61470.586,116315.07,178462.75,215195.328,254406.219,293618.219,251321.656,175882.344,159444.625,111925.625,73796.25,133555.453,247116.266,392464.875,725512.375,1107924.25,1403823.25,1571102.375,1556103.875,1570668.75,1219433.75,1028197.438,810553.25,642078.813,513781.125,452911.469,332313,239916.922,150416.906,123624.828,0,8526.497,21437.078,24104.875,31050.602,32326.66,41349.168,45203.195,52481.129,51821.387,43977.758,38418.363,29997.73,25883.6,16801.426,11351.424,0,0,0,0,0,0,0,0,0,0,0,37328.871,99936.227,126639.273,137738.594,146923.844,158044.125,169408.203,160831.422,147075.688,110412.844,99708.305,72181.25,56110.277,36374.004,19455.715,9401.564,7959.916,0,0,0,0,,,,,
0,1824715.75,2011571,2048206.125,1388061.25,784901.25,555103.055,349598.813,280675.102,85482.078,74530.047,56518.023,34931.727,30827.451,25202.049,23987.373,23828.635,22681.98,15509.322,16886.303,8007.534,8579.923,0,10143.105,13047.803,21108.449,17884.121,15211.145,13588.339,12926.704,0,0,0,14002.745,25956.186,42469.324,80013.984,140870.953,168050.375,199883.328,210021.391,194403.891,153012.484,122714.969,90367.148,69912.539,51950.043,40163.801,27408.785,17737.797,10617.913,7811.131,3095.202,5558.294,15126.241,20355.607,24574.588,25910.727,35162.816,35264.297,41463.305,39377.141,35987.648,33954.836,27161.492,20039.652,15366.192,9994.979,0,0,0,0,0,0,0,0,0,0,0,14953.612,40696.375,58148.102,57273.617,71595.859,73586.359,91005.359,88830.695,79595.32,71136,65558.813,54507.293,37949.75,26342.855,18496.053,10485.691,7447.294,0,0,0,0,,,,,
0,15321601,30375920,21746176,29393362,21690690,14178419.88,9326350.75,5526160.25,938430.375,908874.688,527127.75,341289.781,230665.609,160874.516,119522.898,57740.844,67568.438,0,45827.184,0,0,1778505.75,2618250,2804741.25,3077790.5,2251434.5,2306284.75,1362278,965453.438,532848.563,341781.844,248851.391,10092008,18048788,23006666,47084056,67683680,83520832,83343208,83055304,68698912,48441068,37683168,21252826,15208117,8699546,5591301,3091782.5,1680997.75,893611.5,497206.969,1719.455,7377.13,35486.223,45982.324,53834.543,60221.773,60508.352,67713.906,66756.461,66558.008,55235.258,50161.035,44941.223,33828.172,20270.334,18085.063,10179.066,8512.071,0,0,0,0,0,0,0,0,0,40594.668,103829.984,132091.141,158120.953,147335.797,164308.172,169380.359,162742.031,163836.734,144758.875,124530.898,98569.977,77929.773,48757.445,33017.211,19955.936,13859.263,10540.428,7218.993,0,0,,,,,
0,280646.281,274071.719,327265.813,194811.75,142460.406,82324.523,64961.481,50480.791,16332.927,20308.643,18085.932,10887.313,8326.733,0,0,7399.789,0,0,0,0,0,0,0,0,9042.656,7591.786,8186.15,0,0,0,0,0,0,0,8301.518,18449.338,32364.85,50234.496,60119.75,73448,73753.75,69339.516,50289.793,41659.469,29370.254,22635.848,14639.284,8438.582,0,0,0,0,2531.094,0,9015.083,11449.944,14326.785,18630.049,18007.123,21609.66,20158.48,19595.35,17239.537,16765.104,14768.712,10756.06,7904.113,0,0,0,0,0,0,0,0,0,0,0,8821.849,22594.529,32116.146,36129.547,42915.426,47221.867,51766.582,57047.891,60082.473,46965.004,48009.371,34767.328,29898.98,22863.1,12637.771,9663.65,8321.988,0,0,0,0,,,,,
0,207693.672,436541.344,328725.594,509924.844,414583.844,310036.102,219660.351,153702.579,46937.414,45810.348,29821.9,24319.629,12995.311,11659.644,11543.584,0,11886.009,0,11373.356,0,0,26562.764,43936.004,49871.746,60504.641,56464.641,48159.348,33397.945,18284.838,14678.544,8593.826,8737.067,140359.266,298243.781,429683.469,791399.875,1258785.125,1450199,1562199.25,1546146.75,1287441.5,947402.25,699006.938,413384.375,286405.719,181796.891,108472.961,65747.555,38501.629,21612.309,12387.827,2101.545,32138.123,82430.953,98153.352,134565.188,150979.266,194740.406,216193.453,228634.391,236988.125,202864.75,161469.016,139558.25,114426.266,79404.344,51254.828,33816.652,20586.846,15179.169,10587.933,8107.401,0,0,0,0,0,0,99301.016,301958.906,447278.625,492862.5,555139.188,591151.875,621737.75,631434.75,610565.125,509901.594,429391.125,342934.969,261671.688,186156.016,116063.164,80056.68,50135.242,31842.551,22990.871,17729.551,10157.686,,,,,
0,1046669.563,859053.75,1001453.313,537243.188,272018.688,118397.025,80522.649,49580.9,15043.581,20783.318,18239.406,11841.064,11642.858,10107.517,9531.817,12825.008,11362.962,11335.023,9243.718,9541.685,7395.092,0,0,0,0,0,0,0,0,0,0,0,0,0,0,15583.248,30172.297,43618.473,50973.406,57511.289,55517.504,53006.395,43668.887,35298.039,26746.453,19246.604,18252.799,11785.523,9777.66,0,0,0,12801.121,32724.604,42573.18,50765.379,53598.449,66367.969,72906.055,79701.406,84109.125,84484.117,83662.844,73843.805,55556.703,49705.379,39745.395,29095.227,27393.582,22540.16,18044.324,14599.318,11773.848,8343.671,7486.555,3952.417,5124.396,2739.183,44196.551,131715.125,163690.719,180327.672,191518.234,202659.203,215468.203,210936.641,206272.422,188152.828,174246.953,142436.25,98964.055,69607.383,46691.262,31387.191,20983.012,15838.867,11031.059,0,0,,,,,
1,2073592.25,2304206.75,2368321.25,1664469,920195.313,538662.727,339921.316,223719.117,71090.883,53422.566,46182.383,29707.064,16488.039,14349.924,9587.403,9922.004,7411.301,0,0,0,0,23416.023,51470.332,63827.387,70107.039,90443.461,85317.547,61305.73,48285.156,27780.217,17022.076,13996.166,18231.137,32316.904,63859.297,116821.102,220078.594,308438,408629.531,490627,530882.75,502287.125,425704.219,329172.406,262262.813,199442.594,159315.578,110654.031,77243.438,50854.742,32273.771,0,2329.776,0,7399.317,8906.86,9216.062,10651.491,12562.292,13867.13,16873.203,16556.564,13362.736,10343.665,10053.833,0,0,0,0,0,0,0,0,0,0,0,0,0,8583.324,22254.439,32240.977,35922.324,32504.566,37608.09,41220.242,42856.84,41913.199,33383.391,28229.994,21690.15,19765.639,15584.321,0,0,0,0,0,0,0,,,,,
0,3510565.25,3976194.75,3725118.25,3660203.75,2581745.25,1905286.844,1375194.031,984585.063,326897.344,304280.969,245874.688,205380.609,166917.156,156574.563,151699.234,153466.172,171306.188,138074.141,133035.422,103009.797,110107.086,61844.406,93662.883,128422.984,167451.484,154853.719,182739.797,116879.438,110609.484,58498.953,41050.586,32603.717,139438.984,247825.031,400460.063,826035.875,1292461.125,1833041.125,2311457.25,2372010.5,2275863,1750011.25,1314901.25,896163.25,614391.813,420293.844,303781.594,184467.344,130799.766,76426.219,45524.422,0,3611.343,9079.161,13091.766,14900.561,16964.836,19535.555,25309.271,27005.682,21438.102,27949.762,20503.514,20355.215,14397.515,9793.46,7914.957,0,0,0,0,0,0,0,0,0,0,0,9069.741,32359.779,45111.031,50521.355,55201.984,53961.41,64251.223,63555.527,58452.355,56946.156,47992.207,39148.375,27707.133,22157.055,14561.895,7693.097,8063.057,0,0,0,0,,,,,
0,603574.125,721656.938,702812,622373.125,412978.313,271413.61,196342.345,141900.238,60480.813,156738.547,180037.125,184515.859,146683.109,116680.508,98949.711,81972.141,70231.25,53380.719,39315.66,17104.277,15619.454,14054.969,23072.215,34252.781,36023.949,48231.699,45123.746,31249.662,27317.307,17511.623,8718.054,15159.882,27006.791,44430.465,74563.906,139315.484,228910.859,308591.188,432422.875,460269.344,468140.688,394320.563,332492.063,227847.141,178357.953,135450.484,110984.875,85579.547,56395.863,37213.465,18017.652,0,10439.093,27923.576,35640.867,42292.414,43095.383,46489.395,57130.891,51694.875,48732.633,51875.098,43271.48,35791.137,29424.67,20808.684,12531.411,9693.719,0,0,0,0,0,0,0,0,0,0,31075.453,77849.484,124309.563,137712.813,147570.547,146152.453,140081.859,137090.438,136299.047,111287.227,94245.727,72731.688,55069.84,33171.93,22872.387,15268.935,10058.965,7149.28,0,0,0,,,,,
0,1583264,1660819.25,1824070.625,1355399.375,810912.25,463530.523,299385.266,193710.922,59155.004,66901.328,48271.727,32019.924,14615.166,12644.246,8121.53,0,0,0,0,0,0,33599.828,61409.563,68399.188,80004.367,82035.43,74954.523,49553.602,41036.914,26938.795,14059.124,7104.56,94310.57,200174.031,270813.594,617867.625,891997,1144275.125,1341314.875,1455526.125,1311028.75,964568.75,706060,488718.875,336115.125,203914.516,149605.078,88083.242,49829.52,29125.691,15832.369,0,6053.713,10638.124,13908.231,18892.309,20042.045,19171.844,30111.732,31634.029,28443.807,29937.566,24423.172,22375.627,16562.689,11525.171,8148.143,0,0,0,0,0,0,0,0,0,0,0,27693.533,62239.828,79378.43,88484.273,84333.18,84665.359,90449.703,87218.914,96145.836,80873.289,66278.477,54087.594,35035.137,28199.248,13839.992,9334.279,0,0,0,0,0,,,,,
0,3294322.25,3057145,3795112.25,2195000.25,1429600.75,567459.415,314749.965,211938.766,53359.004,52042.316,38161.715,21669.67,22017.229,16575.391,17226.922,19161.26,19597.396,23764.973,23188.463,16600.729,20485.055,28096.277,47969.813,46717.461,84046.695,57079.895,49398.074,37179.277,36254.352,15550.456,7292.454,0,83100.266,153114.203,263937.469,459893.813,653635.563,862593.813,1001992.5,949748.875,856539.688,668044.688,445047.406,289388.656,205476.234,134111.344,84940.148,57991.461,37996.598,22423.809,12579.844,1573.65,12307.633,30575.154,41453.961,54275.016,57001.629,67843.719,67375.828,79557.906,88496.195,73906.031,67004.578,52020.227,48237.031,29174.449,22046.107,15333.92,10770.743,0,0,0,0,0,0,0,0,0,33250.809,73102.398,108691.164,120527.477,135646.25,140957.859,143115.484,147246.703,141001.125,125761.656,111542.258,81818.938,62412.102,49110.914,31488.596,19051.359,10216.668,8835.904,0,0,0,,,,,
0,2180718,2341623,2408744.5,1750262.75,994708.125,617521.398,434872.305,287658.016,87667.375,84028.406,77027.266,47524.598,36982.441,39025.758,30494.203,32472.09,34894.145,24776.82,23595.971,10271.481,9831.683,34499.566,68080.898,95157.992,119659.93,115753.398,135491.594,95262.945,72914.211,50415.277,35896.992,23060.445,136050.984,197217.5,239338.922,386498.75,513615.75,663181.25,667871.938,690097.375,774810.75,632225.063,599705.813,505454.375,429950,371455.719,299035.5,231667.688,164858.734,114820.258,84930.266,0,2323.764,8399.396,13220.872,16510.121,18104.568,24493.92,26132.977,33306.488,29809.447,30927.715,28422.672,26944.168,23590.65,18918.48,12190.486,10698.691,8700.561,7548.008,0,0,0,0,0,0,0,0,14272.238,41830.563,58537.953,66229.867,79613.906,79502.875,86201.047,95936.578,88334.82,84052.43,66615.883,53135.359,50427.563,31305.797,25114.025,15848.388,13044.311,10215.779,0,0,0,,,,,
1,1624846.625,1790617.5,2056837.125,1645533.75,853719.188,549910.126,400613.25,324363.742,103695.516,86607.367,74020.859,42126.391,34252.414,25666.572,18427.066,18257.027,12848.63,8757.312,8883.215,0,0,22841.318,47923.195,73519.461,80503.633,97198.68,100856.25,80948.68,99881.031,50968.168,43925.457,25454.596,11726.496,18139.047,37915.512,73190.016,135881.391,216926.438,283746.281,378066.313,387256.906,388521.344,361296.563,287717.406,244313.234,208604.938,169727.922,119998.492,95831.219,61147.645,46412.707,0,3863.214,14263.275,26582.711,28021.064,35222.539,45292.637,50118.324,62746.172,55151.582,54593.336,49397.652,38264.848,31993.201,24977.113,17004.414,13219.353,9236.385,0,0,0,0,0,0,0,0,0,12636.365,34452.082,59044.488,73365.625,86277.906,88618.813,97497.906,102315.117,98719.078,77023.5,64349,54411.148,43926.375,31356.979,19757.523,13938.412,9730.688,7902.38,0,0,0,,,,,
1,1383473.125,2464129.75,2094371.375,3442067.25,3156521.75,2589643.625,1840406.375,1557373.531,533214.5,531657.563,412844.063,234137.016,200101.844,111955.93,54158.566,41182.5,25119.521,0,0,0,0,241846.781,476676.938,651023.313,902832.563,1193967.125,1344035.125,891409.625,1143809,590623,398086.094,282247.844,178073.578,405379.594,641356.563,1331534.75,2158902,3415865.5,4371985.5,5475495,5857085,5921098.5,5322906,4343355.5,3703347,3122417.75,2621831.5,1947179.875,1475522.625,1044073.313,813923.313,0,1654.074,0,0,0,0,10571.938,11470.004,10629.767,10990.309,11171.359,7946.103,8168.788,0,0,0,0,0,0,0,0,0,0,0,0,0,0,0,17250.963,23777.574,24177.102,25875.277,31504.105,31391.777,32364.875,24739.41,25185.262,24924.869,16766.107,14658.643,10132.28,0,0,0,0,0,0,0,,,,,
0,602983,1089436.875,801546.125,1162359.625,724446.188,648181.086,385041.735,298343.422,80817.852,64587.59,46917.785,27568.082,24601.539,18969.408,13368.975,12901.631,9661.875,0,9578.911,0,7070.617,73655.273,146160.75,129754.828,156559.813,194918.5,116973.141,68002.43,98245.547,49847.648,22739.496,16930.525,268678.938,527709.375,839269.25,1784171.125,2838115.75,3632327,4117440.75,4333965.5,3948872.25,2859561,2153036,1306480,936713.5,590947.938,377538.75,211613.156,117500.75,64992.547,37061.859,0,2614.049,0,0,0,0,8022.212,10705.857,9118.507,9264.78,10256.98,9695.258,0,0,0,0,0,0,0,0,0,0,0,0,0,0,0,10795.521,21202.367,28477.547,29862.877,31680.418,31447.373,32027.66,33990.48,31899.027,27691.865,23033.27,19388.664,11936.421,7564.175,0,0,0,0,0,0,0,,,,,
0,2157678,4992808,3424929,5883058,4872263.5,3983687.188,3162390.875,2340150.938,769399.625,691491.25,570129.938,387116.938,238425.047,169890.422,61618.16,50737.422,33231.59,0,13988.743,0,12256.552,558083.313,950957.625,1221101.25,1524005.125,1630716.375,1443151.5,1221850,942071.75,595339.688,289931.375,234571.5,1141094.375,2045345.375,2939206.75,5749040.5,8692291,10847184,11560108,12735458,11435064,8997141,6895442,4571910.5,3278093.25,2104427.25,1615648.125,986463.25,681357.188,407382.969,268527.219,7995.567,6891.489,13900.72,16510.469,22890.236,27266.85,37310.066,50472.563,43132.945,43664.738,43489.578,39429.891,34678.82,26883.676,23212.818,12847.444,8718.451,0,0,0,0,0,0,0,0,0,0,24294.266,51528.188,69973.375,93640.25,99724.68,107226.109,115500.82,118651.461,116116.508,108186.031,98356.188,75961.93,57143.504,43106.734,25090.096,18226.764,8043.271,7625.105,0,0,0,,,,,
0,1332505,1047617.75,1253940,744709.75,436758.063,274285.895,165050.227,110782.102,42930.035,39317.863,33301.949,21312.699,15437.709,14372.308,10614.698,11107.55,13043.858,0,10611.488,0,0,21135.879,29712.504,37593.145,38345.887,37659.215,26435.705,11952.205,10815.34,0,0,0,122311.055,209997.219,247662.828,444473.375,653141.625,761871.938,743199.813,689114.688,603049.063,398782.406,263367.906,149400.219,93959.031,47477.109,26795.82,12815.675,0,0,0,4178.516,34149.957,65274.797,74540.688,105778.641,126922.883,149754.625,177454.453,178239.391,173692.641,154885.469,140249.516,114475.266,89493.016,58013.188,37010.613,24743.17,15014.796,10425.244,0,0,0,0,0,0,0,0,81753.086,187758.797,304411.344,313367.719,359900.219,380440.469,383393.719,375733.844,385191.469,314960.781,288090.594,225229.297,167539.609,121432.352,71108.117,44453.992,27047.928,15700.454,10619.525,0,0,,,,,
0,179749.594,428764.719,308371.719,507951.406,399543.25,315447.133,237962.633,155972.051,51425.828,54732.641,29481.855,17988.678,11216.11,0,0,0,0,0,0,0,0,19619.951,30552.229,41289.555,45266.828,34930.828,30870.916,20882.068,11315.409,0,0,0,31363.457,56785.465,97400.563,161463.063,278637.938,386999.906,467640.781,506782.563,486292.406,405033.438,332698.063,218341.656,153186.797,100769.148,69085.18,44448.984,27423.361,18151.561,11064.973,0,3184.539,8474.493,11409.776,10967.818,11569.5,14403.172,16677.064,14473.562,17875.041,14470.055,12623.508,11456.065,0,0,0,0,0,0,0,0,0,0,0,0,0,0,13010.78,34119.469,38996.547,46759.785,46048.613,40493.883,49184.379,50160.633,46512.438,40352.332,33004.566,30631.611,19204.725,13347.223,8573.545,0,0,0,0,0,0,,,,,
1,3335164,5402139.5,4596178.5,4793332.5,3238997.5,1794331.906,1174760.141,876884.501,247012.453,176581.703,184165.547,143524.172,136720.984,114200.375,116637.688,91024.234,125721.875,31491.42,92994.5,0,54304.238,191436.609,297500.938,314278.875,352754.594,334901.656,299146.688,168764.188,152560.5,78338.984,41327.473,40447.031,1633941,2526485,3524119.25,6342016,8757757,10478526,10745066,9687199,7597919,5330608,3589229.5,2104862.25,1273269.875,737268.688,445073.719,248883.672,151654.047,77651.453,51402.922,0,2437.234,0,9803.673,15972.52,21314.963,31794.594,32001.064,41388.633,36062.746,35790.742,29280.605,20733.73,14987.315,9869.738,7239.993,0,0,0,0,0,0,0,0,0,0,0,21931.172,66330.469,91648.625,119078.5,119291.781,123632.594,149794.531,144501.203,129016.633,108441.938,83841.297,71138.242,44079.879,27671.506,15630.858,10625.239,0,0,0,0,0,,,,,
0,3848399.5,12741486,7193897,13639842,12825860,10144609,8585423.125,7823788.5,2437759.25,2205064.75,1623452.25,882674.25,583175.563,405575.813,158537.172,159610.453,17791.418,48980.27,30665.684,0,9928.135,1074608,2184991,2856328,4664292.5,5127718,3638985.75,2894654.75,2996491.25,1406753.5,923647.188,568726.375,1027722.875,1887765.125,3161944.5,5457479.5,9656743,14306340,17944496,21441764,21792768,19111174,15555034,11733818,8601023,6089271.5,4558803,2875056,2146456,1274512.875,938190.313,2004.578,14039.197,32839.563,36390.754,44086.02,52170.84,54440.594,57759.867,62138.125,52369.617,47582.996,43124.91,35116.66,28658.057,18039.404,12652.163,7021.206,0,0,0,0,0,0,0,0,0,0,24778.264,60759.68,94555.758,96062.453,111774.953,110392.344,110094.344,111343.547,111398.109,93236.859,81176.961,72342.289,46911.641,32576.324,19362.516,11455.089,9922.291,0,0,0,0,,,,,
0,12590548,19557710,16549264,18597502,19379240,14938781.5,14058352,16533867,7571427.5,10473845,13447249,11672298,17208666,18412216,20792964,23007022,25746310,25185984,24998548,22330288,21122346,238456.359,468524.469,377778.25,429279.844,359198.031,291322.594,161070.25,152087.625,57682.113,37917.121,21219.387,2906258.25,4624702,5397619.5,11461786,15375233,18594666,18595070,16343173,11880159,8090420.5,5514838.5,2788212,1689087,1007726.313,600871.688,304488.375,185931.359,86367.016,53294.84,0,2085.941,7546.301,11654.6,14974.978,13459.498,16699.477,16420.053,19142.672,14093.394,15844.588,14085.092,11130.028,8085.614,0,0,0,0,0,0,0,0,0,0,0,0,0,9135.498,30155.73,38773.273,44197.762,56249.164,50680.012,55613.059,53422.98,41185.852,36488.824,32849.332,32196.609,20422.248,12151.475,10495.724,0,0,0,0,0,0,,,,,
0,292009.219,560383.75,386937,700531.563,553174.188,658305.633,607748.703,584588.25,244158.375,229819.5,276639.188,225357.391,289512.688,283640.563,302993.75,311333.406,244134.922,236651.109,179353.016,139644.875,107994.898,22992.188,67831.711,99998.625,124772.133,149468.547,134767.609,84659.008,104356.625,67950.359,49403.813,36456.953,29733.943,47424.324,63067.219,129235.039,228499.828,328114.594,421235.938,540751.125,602270.938,569739.125,551671.25,382895.75,361112.75,265779.969,214060.375,150669.953,112344.594,89135.578,68966.391,0,0,0,0,0,0,0,0,0,0,0,0,0,0,0,0,0,0,0,0,0,0,0,0,0,0,0,0,7505.988,8096.374,10368.696,9327.217,10451.251,11770.868,13055.535,10996.499,13378.673,10165.092,7299.246,7186.007,0,0,0,0,0,0,0,0,,,,,
0,19464.635,47623.883,29574.445,56067.164,50675.465,40907.57,37811.442,35104.004,17854.975,22285.84,24301.033,19400.969,25678.799,24384.08,23449.41,25354.414,20985.25,24817.729,25091.002,20079.178,15202.164,0,0,0,0,0,0,0,0,0,0,0,0,0,0,0,0,0,0,0,0,0,0,0,0,0,0,0,0,0,0,0,0,0,0,0,0,0,0,0,0,0,0,0,0,0,0,0,0,0,0,0,0,0,0,0,0,0,0,0,0,0,0,0,0,0,0,0,0,0,0,0,0,0,0,0,0,0,0,,,,,
0,10069552,21863082,15720570,26083992,22452126,20964257.75,17889612.75,14914564.5,4401651,4873929,4739129,3944544.5,5218084.5,5759713,6030183.5,6272463.5,7696161.5,7807376.5,8115667.5,7987948.5,6214953,8960.991,15487.875,25696.662,38854.246,51553.566,44001.125,30220.711,34668.797,21870.816,14861.177,0,15611.459,24237.408,43211.75,76305.273,137585.156,193661.328,248059.875,315444.406,330165.438,320091.875,285172.125,225650.156,226235.438,168779.328,160700.563,122519.695,110818.25,77611.914,62598.254,0,0,0,0,0,0,0,0,0,0,0,0,0,0,0,0,0,0,0,0,0,0,0,0,0,0,0,0,0,0,0,8600.3,7376.735,0,9564.782,0,0,0,0,0,0,0,0,0,0,0,0,0,,,,,
1,107824.789,104566.945,102918.727,116337,90575.945,86377.425,57361.858,50071.258,16554.037,14502.435,19006.762,19968.881,14108.733,12939.162,13361.616,14360.705,13730.692,10412.65,12339.427,0,7653.21,0,0,0,0,0,0,0,0,0,0,0,0,0,8375.429,15090.486,24762.127,37654.246,46076.391,47216.695,48396.047,46963.965,44090.383,26710.152,22552.746,16397.791,9759.321,0,0,0,0,0,0,0,0,0,0,0,0,10537.267,10505.804,11267.513,10845.843,10616.374,8787.97,8739.91,7765.804,0,0,0,0,0,0,0,0,0,0,0,0,7935.785,0,11663.342,17557.848,21561.85,23703.178,27950.984,29272.293,28752.727,28126.885,23651.893,19773.969,16411.268,12124.88,7600.458,0,0,0,0,0,,,,,
0,718995.625,1468243.75,1018082.75,1809355.75,1590169.125,1713616.203,1465382.344,999551.156,274098.75,323515.031,220317.641,166010.906,107071.055,29033.984,0,22689.533,27246.037,17554.502,15033.347,9272.948,7042.727,195853.578,377024.5,730820.813,784977.25,889595,912668.5,611655.188,471752.313,419762.313,289808.406,70000.844,60653.609,120112.445,221856.875,452697.094,928647.938,1628450.375,2104635,2985594,3017389.5,1419216.25,1264568.375,1739147,1754130.125,1441928.5,1149503.25,779236.063,600396.5,399708.219,263572.469,0,0,0,0,0,7488.839,9913.196,8999.298,11392.138,12560.028,18342.029,17714.26,16932.42,14682.173,13774.049,10680.145,0,0,0,0,0,0,0,0,0,0,0,0,7824.151,8262.408,11359.599,14246.372,15365.921,18706.047,26034.152,24274.596,24038.725,26016.504,25499.945,21919.098,19427.328,16289.465,15405.103,9336.865,7449.149,0,0,0,,,,,
0,190790.203,264533.75,224513.406,280426.563,197789.266,212995.109,162731.738,133963.887,39353.871,38802.98,33231.113,29585.629,23848.727,21481.836,21792.502,20249.494,20198.285,11644.466,10174.165,0,0,24343.678,49650.113,62277.828,73511.016,91831.188,79789.07,60384.727,50072.328,27749.752,24915.412,10484.394,65232.125,114339.203,155342.922,309781.938,470559.563,584927.25,640167.75,770428.25,740599.875,609424.188,521683.656,340251.125,273062.875,196893.516,141167.469,91698.18,60160.621,34976.172,23815.961,1523.871,3329.925,0,9661.452,10287.275,12072.483,12031.939,12907.41,14165.712,15995.427,15417.516,16096.729,10621.401,8698.479,0,0,0,0,0,0,0,0,0,0,0,0,0,11803.61,27052.348,36646.469,39245.891,35625.484,41284.383,37263.395,38899.949,32986.781,25586.016,28406.854,23581.734,14360.043,12348.713,7102.396,0,0,0,0,0,0,,,,,
0,373637.031,482723.219,447884.344,418013.125,238241.234,231207.619,146400.066,130650.766,31739.383,33641.809,40452.348,30652.121,37716.848,35307.406,34148.629,39611.266,40819.051,36339.164,34419.102,25770.566,15434.611,9338.565,22339.84,31347.303,42287.93,48506.984,42436.543,31634.889,27806.367,13959.939,11013.319,7467.252,11893.519,23743.527,36273.672,78105.336,148018.891,222125.719,294100.25,388725.594,429084.406,398278.031,366501.844,270794,223993.391,181781.453,139793.313,97659.117,67018.258,37971.449,25865.939,0,0,0,0,0,0,0,0,0,0,7727.441,8083.424,7680.469,7868.461,0,0,0,0,0,0,0,0,0,0,0,0,0,0,0,0,0,0,7671.049,9263.013,11338.555,13343.218,9889.031,13608.978,13307.985,10887.279,7378.629,0,0,0,0,0,0,0,,,,,
0,440062.219,725954.563,600547.5,606471.188,366323.313,220078.542,132696.647,84935.414,25176.986,23514.031,22401.434,16552.023,18027.381,18727.703,17902.301,18549.207,18537.557,16540.043,16540.063,10162.437,10490.692,0,0,9196.793,9756.321,14048.186,16184.677,10536.291,14126.204,10568.319,9395.644,7546.898,0,10138.83,13076.651,24679.43,40948.824,53948.844,65938.508,72000.586,76222.852,61058.086,52001.609,37415.34,30790.732,23599.236,18424.846,13573.192,9707.949,7027.593,0,0,0,0,0,0,0,0,8301.004,0,0,0,8133.953,0,0,0,0,0,0,0,0,0,0,0,0,0,0,0,0,0,7109.619,7993.287,8338.467,9282.084,11186.073,9231.806,11897.017,13148.772,9451.254,10602.706,0,0,0,0,0,0,0,0,0,,,,,
1,208083.797,204893.109,235950.938,170335.469,113143.984,76613.154,56039.955,42123.272,16208.514,15426.404,18476.252,18295.316,14901.601,14285.779,10081.521,14566.606,15848.437,11497.041,12487.089,11036.091,11880.475,0,0,0,0,0,0,0,0,0,0,0,0,0,0,10681.231,21177.293,25836.988,32168.232,38642.672,34194.02,30789.607,20599.512,12710.767,9021.712,7128.072,0,0,0,0,0,0,0,0,0,0,0,0,0,0,0,0,0,0,0,0,0,0,0,0,0,0,0,0,0,0,0,0,0,0,0,7331.78,0,10746.716,7899.378,10665.933,10536.368,9673.755,8544.977,0,0,0,0,0,0,0,0,0,0,,,,,
0,187703.141,200073.516,185681.563,196518.031,160961.344,150029.334,129781.659,99134.338,33552.367,31691.713,33048.168,32115.219,40185.387,48517.125,62916.191,85709.063,115642.414,127095.164,140459.016,94733.406,60143.43,0,0,7872.961,10073.002,9329.563,10849.096,0,0,0,0,0,0,8567.365,13900.186,29156.732,48435.672,70480.492,81753.414,103956.656,105768.828,96978.68,86632.672,64745.434,57315.391,38223.492,31790.426,21572.795,16618.164,10143.473,0,0,2007.767,0,0,9107.695,9127.936,14324.222,13850.812,14934.521,12866.224,12540.188,10262.616,7203.682,8948.337,0,0,0,0,0,0,0,0,0,0,0,0,0,7331.799,21110.729,26152.803,36016.887,36019.84,40971.852,38581.238,41914.824,37033.273,31303.762,27994.496,17589.84,14576.062,12337.712,0,0,0,0,0,0,0,,,,,
1,424447,373784.844,467551.875,340909.375,252101.094,175840.594,130700.471,102793.385,30872.041,39571.219,31564.381,19892.838,20570.039,15608.267,17042.121,12315.199,14753.662,0,11431.173,0,7905.379,21487.939,31506.551,47429.93,41333.957,47437.973,37692.141,19208.381,16799.941,9224.459,0,0,75648.547,143891.25,183353.281,310335.781,490637,590688.438,624267.5,671845.688,557567.25,417620.094,284795.75,187333,106579.961,69501.719,46093.082,25706.621,15503.038,9101.873,0,8882.775,0,0,0,0,0,0,7296.596,0,7875.8,9136.766,0,10356.406,7967.24,7383.521,0,0,0,0,0,0,0,0,0,0,0,0,0,8290.235,11331.354,15015.855,20226.668,20521.891,26042.404,30315.166,30264.807,30995.922,29572.814,26862.34,20670.715,18382.93,12892.305,11874.031,0,0,0,0,0,,,,,
1,122495.688,103661.773,113522.273,106010.883,91741.898,68149.002,56761.09,45506.027,19890.551,20428.693,23383.109,16731.18,14672.569,13606.992,14478.839,14285.325,14033.382,13507.536,12980.066,11263.813,8261.455,0,0,0,7545.95,8171.774,9330.896,7261.108,0,0,0,0,0,0,0,0,14684.118,20047.645,24080.234,26610.344,26501.916,26203.336,20948.969,19802.137,14883.836,12846.724,9723.416,0,0,0,0,0,0,0,0,8514.666,11950.932,16557.061,26968.775,32176.309,32970.996,38432.863,37684.418,38849.664,38709.871,29000.02,24967.137,22817.666,17897.521,12652.585,9106.275,7527.947,0,0,0,0,0,0,0,14680.774,26709.684,44446.602,53986.109,72748.508,87753.586,107076.047,122124.148,117906.523,121131.781,118099.297,108906.148,97670.586,70070.375,56261.355,40509.207,32643.029,20828.23,15438.541,10451.932,,,,,
0,217571.672,247719.156,218138,220561.828,177709.391,157395.264,137711.207,171857.754,70670.18,94454.797,137014.594,121211.148,169118.141,173194.031,180639.531,169480.672,167945.281,139679.594,92152.773,84404.57,63244.273,0,0,0,0,8087.549,0,0,0,0,0,0,0,8521.76,12238.146,21882.406,33393.324,53137.039,58398.816,62322.582,58956.262,48150.715,35813.813,27662.445,18349.922,10656.189,7517.773,0,0,0,0,0,0,0,0,0,0,0,0,0,0,0,0,0,0,0,0,0,0,0,0,0,0,0,0,0,0,0,0,8683.128,8598.425,12552.332,13238.422,16826.6,16968.426,18006.27,18939.393,15208.117,12318.916,12294.827,8932.521,7024.732,0,0,0,0,0,0,0,,,,,
0,1624670.375,1909567.875,2045617.5,2013949.125,1497761.25,1224237.172,958936.719,829507.844,279328.375,243406.031,205146.281,128557.914,84193.117,65758.805,46064.746,50233.371,39656.109,23681.744,33382.859,17274.691,25230.648,70241.609,160428.781,267539.031,357517.844,378908.844,370079.375,194641.891,226044.594,124998.758,62742.203,50940.887,187192.438,308554.344,506618.375,891046.813,1448501.625,2217802.75,2732250,3351080.25,3436305.75,2942643,2517712.75,1802097.375,1417148.75,947208.438,751321.813,495201.344,329671.125,221190.859,141770.953,0,2746.993,11019.618,15853.163,22712.215,29447.602,49995.609,64520.418,84533.297,98246.016,122311.945,127562.109,137019.922,144749.25,120999.055,113805.391,100220.852,99370.461,80250.609,75405.813,56836.309,42919.668,33192.805,25949.172,14074.539,17317.576,10122.917,10813.268,34358.816,48016.719,82073.984,105117.875,158055.734,208702.031,275624.219,318993.344,361314.656,380995.844,421297.531,370688.375,363699.281,306506.156,274637.688,236833.875,208730.922,178954.734,143369.141,103796.344,,,,,
0,1422107.625,2156532.75,1763013.5,1982433,2146874.25,1577290.453,1428258.5,1418607.75,507201.531,603828.313,602813.438,531769.188,772262.938,725076.125,831881.563,908466.25,1017953.938,891839.375,863228.5,505925.906,409748.219,47948.398,88222.594,102511.273,140768.922,113613.328,104956.211,106890.047,82250.672,44229.484,36382.66,20605.049,88093.438,135900.344,268249.063,552815.75,964013.563,1388110.375,1688660.625,2013115.875,1994177.25,1645961.625,1380777.25,961454.625,740051.375,516623.406,384193.938,234134.938,159094.266,81863.266,57090.141,0,0,0,0,0,0,0,0,9332.549,9358.973,0,0,0,7252.953,0,0,0,0,0,0,0,0,0,0,0,0,0,0,0,10318.523,13699.52,16105.06,17616.988,18429.537,22980.99,31939.961,41086.469,42347.547,35101.223,20322,0,0,0,0,0,0,0,0,,,,,
0,100702104,76589768,88586576,59083084,32299808,14543035.38,7946197.25,5197693.25,1394183.875,900612.625,802715.563,502913.625,321631.781,207673.422,107411.625,91643.219,63355.926,39527.863,30067.867,10752.904,11346.974,17076.773,45580.406,69730.469,88843.719,83279.039,78062.336,79176.922,69872.758,40513.523,34168.707,27411.98,88894.336,122814.477,159773.375,285368.594,455775.594,578658.375,681028.5,765550.625,773030.063,709214.625,592653.375,434795.656,342733.094,254842.516,187497.578,125933.492,90674.805,62236.93,40369.672,0,0,0,0,0,0,0,0,0,0,0,0,0,0,0,0,0,0,0,0,0,0,0,0,0,0,0,0,0,0,8912.022,0,8950.224,9681.277,10681.036,8144.822,8989.759,11895.035,7274.395,0,0,0,0,0,0,0,0,0,,,,,
1,249283.953,376177.906,296241.906,372616.063,396768.719,292515.614,241362.743,238133.757,75481.961,61237.965,63358.887,38030.07,36562.805,26558.881,15252.781,20890.672,15923.798,7335.826,8074.645,0,0,23998.807,46125.211,53066.539,69385.68,84531.344,100693.453,60241.867,66376.867,38066.855,31276.883,18291.271,19685.383,34342.262,62280.043,143348.828,273273,436269.813,583569.25,746686.688,781036.625,716981.5,670546,525815.563,404620.063,330844.969,236593.578,156440.672,110396.688,74614.461,56640.074,0,0,0,0,0,0,0,0,0,0,0,0,0,0,0,0,0,0,0,0,0,0,0,0,0,0,0,0,0,0,0,0,0,7502.904,8357.991,10880.855,9942.165,7580.769,0,0,0,0,0,0,0,0,0,0,,,,,
1,168588.266,176763.719,165806.297,155238.391,119858.078,103325.697,78847.068,69310.477,23371.125,29530.992,26071.291,19487.943,16134.629,14908.043,11620.98,12127.586,11432.515,7449.871,8371.718,0,0,0,8002.083,13093.672,18755.967,17540.5,21377.582,12723.226,14591.316,9087.394,0,0,0,12151.977,11202.743,31730.064,51183.531,84410.758,103166.031,134358.641,134802.078,130052.641,110511.016,96546.656,72829.672,66963.438,52629.637,39991.941,22965.695,24507.607,12501.419,4510.932,0,0,7338.369,8424.445,9404.696,11702.77,18760.994,19293.482,18774.559,17724.41,15647.39,16382.728,12763.646,10478.467,8792.038,0,0,0,0,0,0,0,0,0,0,0,0,12929.917,14719.563,18941.879,19028.863,22847.895,27345.541,26860.266,27487.094,27448.199,24812.094,22722.164,18806.299,18568.127,8859.159,10094.092,0,0,0,0,0,,,,,
1,571374.563,637075.063,592084.375,555576.313,482390.094,448248.695,383084.165,393473.406,144310.516,156773.516,127093.352,90921.633,92358.258,63743.508,74587.492,82176.164,118684.516,99298.891,159526.875,138075.656,150408.984,44987.266,122300.836,141071.453,229771.219,335506.75,274670.969,223460.891,288855.156,178010.906,128052.266,98461.563,87972.867,117401.352,159439.109,304988.656,502727.313,753735.313,902776.875,1188112.125,1242194.25,1262593,1131613.375,930219.75,763034.75,620889.938,497147.5,358498.406,267171.438,195572.859,145840.031,0,0,0,0,0,0,0,7423.019,0,7488.845,8401.5,7611.014,0,0,0,0,0,0,0,0,0,0,0,0,0,0,0,0,8191.852,11184.793,11532.252,16200.923,19171.215,20135.053,27091.805,28287.537,21895.973,22458.779,21577.852,17205.189,12956.227,11255.851,0,0,0,0,0,0,,,,,
0,171684.719,271211.625,245211.172,331483.125,224938.25,202358.301,157166.266,143561.672,53052.789,53823.109,43692.398,24595.201,22366.621,16096.495,17802.467,17120.672,14394.294,10182.441,11377.096,0,0,13761.516,25854.504,37646.129,49908.785,49797.008,63065.176,35941.188,43643.793,25882.557,17453.887,12440.883,67416.102,124378.219,149703.453,264774.438,337157.281,390906.281,459087.031,537417.188,523670.969,480776.75,397324.844,294125.844,223512.266,163832.344,119572.852,83287.117,60218.879,41118.566,27993.086,0,0,0,0,0,0,0,0,0,0,0,0,0,0,0,0,0,0,0,0,0,0,0,0,0,0,0,0,0,0,8389.242,7026.955,9966.998,8904.229,10278.797,9777.373,11436.972,8990.019,9172.354,0,0,0,0,0,0,0,0,0,,,,,
1,1077806.625,849685.625,1047650.313,551901.813,273464.469,132226.309,77685.325,68101.174,21894.035,22807.143,22920.875,17757.658,16462.385,14855.924,13110.594,14788.386,11940.773,8880.396,8154.703,0,0,0,7208.459,8336.331,11527.522,10287.975,11959.474,9823.282,8010.897,0,0,0,0,0,8639.423,15726.068,30203.506,43140.426,56005.758,70014.164,72106.359,66672.617,59800.941,44723.113,33038.824,27806.912,20316.646,15940.818,8468.698,7557.396,0,12645.331,0,0,0,0,0,0,0,0,0,0,0,0,0,0,0,0,0,0,0,0,0,0,0,0,0,0,0,9800.147,17394.195,21760.977,30289.508,33326.125,32195.838,37838.102,36601.199,35208.438,31471.008,29827.744,19221.309,15524.618,11629.559,9243.727,0,0,0,0,0,,,,,
0,77350.945,78495.844,80460.422,84345.195,76279.656,59314.675,42001.812,37067.838,18292.908,18100.01,18930.361,12878.35,12535.296,8392.487,10809.86,9898.649,8908.143,9265.324,7461.237,0,0,0,0,0,0,0,0,0,0,0,0,0,0,0,0,9118.085,18586.293,20067.498,29266.99,27731.279,27061.801,24751.703,16243.37,14004.697,9293.34,0,0,0,0,0,0,0,0,0,0,0,0,0,0,0,0,0,0,0,0,0,0,0,0,0,0,0,0,0,0,0,0,0,0,0,0,7697.664,12930.267,12432.2,16651.219,14037.148,12166.271,11445.078,11509.707,10242.123,0,0,0,0,0,0,0,0,0,,,,,
0,189477.766,202007.688,176279.016,194079.781,156406.531,129345.563,110455.84,82427.908,38085.715,43373.227,43125.914,27670.357,34242.672,31938.947,31883.816,32406.123,34705.938,27946.604,27839.348,19481.455,15994.218,0,0,0,0,7697.714,0,0,0,0,0,0,0,8503.121,15188.243,30669.992,46608.707,65474.969,78512.031,82708.555,72256.734,61820.859,49364.785,34403.875,18104.209,15640.855,8684.2,0,0,0,0,0,0,0,0,0,0,0,0,0,0,0,0,0,0,0,0,0,0,0,0,0,0,0,0,0,0,0,0,0,0,0,0,0,8302.685,7850.699,9260.028,7398.377,7667.723,7232.665,0,0,0,0,0,0,0,0,0,,,,,
1,13472596,12208945,14124097,7587101,3495072,1342963.531,693654.016,312393.446,77704.656,58387.168,36040.113,28783.418,21060.064,15406.212,13439.607,11079.962,8627.983,0,0,0,0,0,0,0,0,0,0,0,0,0,0,0,7462.474,7273.099,19145.229,29005.813,54019.734,65838.125,76310.992,82065.469,71941.477,56825.547,39681.293,26920.359,18536.848,11583.555,8626.568,0,0,0,0,0,0,0,0,0,0,0,0,0,0,0,0,0,0,0,0,0,0,0,0,0,0,0,0,0,0,0,0,0,0,0,0,0,0,0,7779.99,0,0,7482.027,0,0,0,0,0,0,0,0,0,,,,,
0,331037.156,614071.125,460107.5,691548.5,596190.188,430299.614,343228.078,311505.516,88835.398,81321.938,63252.141,32437.154,37641.164,31806.994,26283.711,26449.846,23639.26,12832.805,18660.6,0,10453.902,42456.199,68868.055,93822.555,110106.109,117488.375,114679.305,82446.516,69596.695,31984.701,18734.709,17861.137,54812.699,110808.406,162622.813,366638.625,629288.188,866248.938,957444,1072478.625,1059135.375,1008741.75,832540.063,607182,464896.281,320533.031,247402.75,153370.016,113643.813,71213.281,45867.715,0,0,0,0,0,0,11467.272,11332.245,11731.102,14302.601,15062.356,13565.383,13888.152,14236.836,14641.297,10038.292,9391.36,7458.518,0,0,0,0,0,0,0,0,0,26324.916,78199.695,131626.063,163911.625,195214.469,226756.859,272952.438,280677.219,284847.656,259030.906,233273.266,196272.281,161072.594,123888.078,77739.305,57837.531,42546.219,29807.883,22950.609,15369.525,8119.25,,,,,
1,80300.859,143770.406,105354.047,124962.656,112696.148,107405.256,96555.158,97254.783,36429.199,39913.625,42729.316,30053.723,38744.422,35704.859,34240.414,39451.547,43469.121,34141.344,37646.641,30320.625,22773.432,8206.743,18100.328,24694.045,32838.324,25710.006,18127.146,23497.234,17221.613,12402.362,0,0,18487.324,31517.973,36973.527,66942.586,112704.703,148290.094,180955.203,193854.453,209028.234,171821.031,136485.125,109290.688,80086.211,58540.539,41568.301,29167.701,23257.215,13022.172,10955.664,0,0,0,0,0,0,0,0,0,0,0,0,0,0,0,0,0,0,0,0,0,0,0,0,0,0,0,0,0,0,7565.78,0,7941.201,8236.864,7920.961,7142.592,8828.555,11055.014,0,7558.016,0,0,0,0,0,0,0,0,,,,,
0,838804.125,1006331.688,988231.5,849639.938,564833.563,467537.227,268720.813,227610.649,72237.617,82199.719,98211.016,78074.672,91557.063,86509.305,76595.453,62452.723,51165.75,31826.014,31200.768,19109.857,21159.758,25078.717,80249.516,108363.492,103791.813,132320.516,113692.758,98996.578,68879.039,51646.672,32197.344,22413.912,31845.188,76633.516,126373.867,280438.313,474616.781,765631.625,993803.063,1241733.25,1349009,1302895,1164518,878334.25,708211.75,514922.844,368026.656,268906.031,194835.422,123238.039,85656.078,0,0,0,0,0,0,0,0,0,7355.689,0,0,0,0,0,0,0,0,0,0,0,0,0,0,0,0,0,0,0,0,7844.987,10556.173,10632.806,11363.608,14532.587,13923.923,13445.145,12509.43,12139.272,9331.98,7333.584,0,0,0,0,0,0,0,,,,,
0,30730360,60412936,47665048,65215984,57661212,54210866,46782065,37646041,15746612,17619178,16737793,16996588,19153312,20319212,21427696,23133334,24761808,23200010,22608864,20943044,20235144,0,0,0,0,0,0,0,65874.063,0,0,0,0,0,13730.647,20418.467,43400.516,53642.855,71291.203,64397.637,76216.688,38806.555,40981.105,15789.229,16857.803,0,0,0,0,0,0,0,0,0,0,0,0,0,0,0,0,0,0,0,0,0,0,0,0,0,0,0,0,0,0,0,0,0,0,0,0,0,7157.246,9588.113,7892.993,0,0,8507.811,8584.183,8050.736,0,0,0,0,0,0,0,0,0,,,,,
0,5697723.5,9108624,7332439.5,10084052,6969095,6370754.125,6026124.625,6958909.5,2911102,3690085.5,4274639.5,3944063.25,5619924.5,6099592.5,6922564,7634589,7603297.5,7065125,5065644,5230710,5497393.5,0,15189.117,17609.959,15987.14,24964.164,12025.546,13658.631,11143.321,0,0,0,8346.419,12090.441,33377.91,34924.484,161076.297,224397.641,303598.906,351415.063,381564.281,358542.531,285468.813,229143.688,162478.375,134474.578,87521.648,64668.996,40104.531,25600.219,19029.195,0,0,0,0,0,0,0,0,0,0,0,0,0,0,0,0,0,0,0,0,0,0,0,0,0,0,0,0,0,0,0,0,0,9502.695,10099.387,9314.075,7534.304,7890.481,7180.927,0,0,0,0,0,0,0,0,0,,,,,
0,210788.844,202305,220569.188,123214.531,87672.547,57476.642,31399.935,21252.555,12999.317,12399.43,14542.091,11921.61,0,8690.946,9679.769,7013.71,8690.726,7847.398,9580.284,0,0,0,0,0,0,0,0,0,0,0,0,0,0,0,0,0,0,11595.69,12998.91,16994.293,17977.836,15509.492,13407.199,11859.926,8347.5,7003.783,0,0,0,0,0,0,0,0,0,0,0,0,0,0,0,0,0,0,0,0,0,0,0,0,0,0,0,0,0,0,0,0,0,0,0,0,0,0,8680.84,7369.303,7689.623,0,0,0,0,0,0,0,0,0,0,0,0,,,,,
0,3683516.5,7329720.5,5206939.5,6850972.5,8098901,6441856.375,7914852.75,7280816.25,3490920,4080129.5,4801442,4376222.5,6443287,7651166,8637935,9433907,10358408,10270216,8347449.5,8702428,7223204,335880.875,704403.375,1101116.75,1845327,1619179.25,1601075.625,1358866.375,1528595,1089070.125,628592.75,422120.656,96826.273,210517.719,343944.031,723725.188,1359824.125,2355581.5,3061540,4226073.5,5389012.5,5273555.5,4810186.5,4045219,3271831.25,2721805.25,2200878.75,1594336,1244465.125,939788.813,718446.188,0,0,0,0,0,0,0,0,8881.938,8601.021,12135.076,14021.567,11615.136,12035.427,9124.354,9217.414,7323.185,0,0,0,0,0,0,0,0,0,0,0,0,12232.033,15093.343,18110.096,22733.82,25642.67,30799.637,32633.346,32383.293,33311.551,35084.969,30211.953,29556.061,19796.893,18906.99,15635.183,12105.833,10707.498,7165.691,0,,,,,
1,52314.992,46082.457,48168.414,44881.883,46544.141,31009.313,21643.297,24706.447,10885.538,12918.432,14481.182,7023.259,8036.782,0,7210.248,7531.711,0,0,0,0,0,0,0,0,0,0,0,0,0,0,0,0,0,0,0,0,0,0,0,0,0,0,0,0,0,0,0,0,0,0,0,0,0,0,0,0,0,0,0,0,0,0,0,0,0,0,0,0,0,0,0,0,0,0,0,0,0,0,0,0,0,0,0,0,0,7891.678,7006.001,0,0,0,0,0,0,0,0,0,0,0,0,,,,,
0,3213852,6166564,4531707.5,6371949.5,4937343.5,3268755,2309605.688,1815139.063,430349.625,316469.5,301393.313,188241.234,146970.984,128709.906,118443.906,123970.18,110567.039,75314.547,89768.195,55080.379,56443.074,18656.32,27411.605,53431.703,71266.078,71779.211,64654.934,37600.648,43091.328,22910.248,19187.363,10786.337,14126.657,23865.809,55117.957,121563.773,247628.484,374399.594,501769.125,633113.688,717508.75,706575.438,634689.375,503132.406,410768.156,325737.688,262486.219,165202.391,120424.578,79884.039,53741.641,0,0,0,0,0,0,0,0,0,0,0,0,0,0,0,0,0,0,0,0,0,0,0,0,0,0,0,0,0,0,0,0,9102.71,9283.743,7641.367,7735.936,10133.699,13623.692,7797.208,8757.104,0,0,0,0,0,0,0,0,,,,,
1,74566.898,81226.844,76142.797,67978.273,68329.516,61359.404,43372.666,31379.811,16743.648,22711.895,21750.281,16488.301,14685.646,8685.672,10413.266,9963.899,8198.599,0,7549.336,0,0,0,0,0,0,0,0,0,0,0,0,0,0,0,7167.463,13026.157,19299.85,27078.713,31746.215,36342.324,38650.043,35451.313,26723.074,16682.154,13293.604,8596.581,0,0,0,0,0,0,2228.687,0,0,0,0,0,0,0,0,0,0,0,0,0,0,0,0,0,0,0,0,0,0,0,0,0,0,0,0,11479.995,7822.95,8992.521,11029.041,11023.257,10149.413,8325.86,7646.237,8068.725,0,0,0,0,0,0,0,0,0,,,,,
0,49043.043,56342.98,50710.41,45994.281,52586.684,34993.246,33867.736,25631.588,12507.155,15654.005,17800.857,12240.339,10826.186,10545.708,9450.154,9008.787,7577.951,0,0,0,0,0,0,0,0,0,0,0,0,0,0,0,0,0,0,0,0,0,0,0,0,0,0,0,0,0,0,0,0,0,0,7032.083,0,0,0,0,0,0,0,0,0,0,0,0,0,0,0,0,0,0,0,0,0,0,0,0,0,0,0,0,0,8948.038,13363.927,14936.293,17797.09,18304.262,16035.331,14169.394,12118.749,11083.14,0,7671.923,0,0,0,0,0,0,0,,,,,
0,34582.684,39739.785,41395.859,48422.996,53996.426,36809.914,36889.728,30916.481,10977.576,14440.243,10575.41,9118.66,0,0,0,0,0,0,0,0,0,0,0,0,7163.676,7562.504,0,0,0,0,0,0,0,0,0,9381.818,17049.373,22517.945,28688.301,29887.391,32016.291,30600.012,27032.787,20182.945,15817.485,9625.307,9196.407,0,0,0,0,4063.069,0,0,0,0,0,0,0,0,0,0,0,0,0,0,0,0,0,0,0,0,0,0,0,0,0,0,0,0,0,0,0,0,8467.585,7677.21,0,7879.711,0,0,0,0,0,0,0,0,0,0,0,,,,,
1,8230063,6925619.5,8453598,4569833.5,2225268,1001992.656,554231.359,358817.688,94591.68,96091.445,75341.75,45643.773,52331.727,53124.422,38133.266,50758.484,37929.43,39411.152,37139.047,27126.535,18080.209,15556.321,44207.27,47244.727,74131.266,68183.891,76596.625,51217.039,61905.785,37371.926,23587.928,20203.516,20504.926,36788.406,55047.27,109578.594,188803.359,288950.094,391828.5,482152.875,542648.5,571117.688,507179.875,409030.406,339745.906,264124.844,199448.063,141534.953,117355.688,77113.555,57618.684,0,0,0,0,9787.854,11482.427,12694.884,18003.963,19048.23,19720.834,19419.012,19793.506,19458.156,15209.903,11306.925,9787.338,7357.923,0,0,0,0,0,0,0,0,0,0,0,9896.724,15210.698,21979.217,22667.164,30166.504,33820.066,42135.738,42766.168,35276.332,31028.336,29822.205,21349.367,21500.932,10992.483,9391.257,0,0,0,0,0,,,,,
0,958170,1158782.5,1206657,748003.938,461821.594,270527.893,130135.215,91208.402,22733.359,27029.307,24387.715,17022.865,15806.744,15144.507,16909.377,17240.648,17681.711,14886.798,15676.704,10715.165,7964.372,0,8116.258,7497.065,12206.28,12737.615,9886.495,8321.385,0,0,0,0,0,0,9824.126,25303.607,42479.238,65378.086,78624.93,94690.789,95376.945,91429.438,76746.523,60656.418,45597.535,31884.301,21310.545,14719.022,10415.925,7204.758,0,0,0,0,0,0,0,0,0,0,0,0,0,0,0,0,0,0,0,0,0,0,0,0,0,0,0,0,0,0,0,0,0,0,7183.936,0,0,0,0,0,0,0,0,0,0,0,0,0,0,,,,,
0,786123.938,852392.875,834825.188,691961.438,651616.688,467000.906,458361.133,384549.5,153380.641,160549.078,158062.781,133627.469,186935.594,199818.438,224825.672,238277.938,244427.578,233810.203,225119.375,199559.938,164155.219,0,10277.59,11161.479,17136.436,14486.061,17356.186,11191.87,8687.226,0,0,0,0,7203.458,8797.061,20231.717,34575.238,47891.98,66611.133,78723.086,91849.961,77881.969,75850.969,61674.535,53133.859,39040.824,34562.512,23666.002,17394.518,11962.397,0,0,0,0,0,0,0,0,0,8420.803,8243.868,10683.447,9619.596,8936.941,0,7679.046,0,0,0,0,0,0,0,0,0,0,0,0,0,0,11933.634,14673.964,14552.096,20828.814,20018.176,22163.088,20847.773,28452.363,24505.133,21753.164,20054.26,18516.9,13117.66,10633.577,10057.79,0,0,0,0,,,,,
0,180652.438,166270.953,183695.719,128697.023,81789.109,53264.893,36766.574,24728.189,9594.765,12995.357,12975.361,7963.079,0,0,0,0,0,0,0,0,0,0,0,0,0,0,0,0,0,0,0,0,0,0,7343.608,13305.861,20777.664,29181.682,31042.729,31402.174,29169.4,23564.68,18576.998,13301.977,7625.214,0,0,0,0,0,0,0,0,0,0,0,10868.091,14355.468,20801.443,28824.971,32928.719,35188.664,36585.098,36938.273,36106.098,31819.221,27498.119,20814.434,19131.223,14306.677,10493.665,8560.256,7707.428,0,0,0,0,0,0,9195.144,13606.302,27112.26,33344.563,55076.512,61923.977,75839.617,84642.32,102480.602,98240.227,100482.633,92576.945,80453.391,65464.777,51680.453,37053.879,32581.021,24688.586,15922.931,11454.277,,,,,
0,71785.484,123833.93,103346.484,109539.508,104222.406,66321.893,54452.406,47455.184,17607.883,15567.673,16578.154,8570.017,0,0,0,0,0,0,0,0,0,0,12197.635,12174.149,18818.77,13870.748,15384.783,8804.965,9216.915,0,0,0,13213.767,27518.178,38833.227,62174.477,85837.688,110878.641,117345.648,117520.828,106572.234,79196.039,55051.719,40837.414,21903.096,19670.742,10406.111,0,0,0,0,0,0,0,0,0,0,0,0,0,0,0,0,0,0,0,0,0,0,0,0,0,0,0,0,0,0,0,0,0,0,0,0,0,0,0,0,0,0,0,0,0,0,0,0,0,0,0,0,,,,,
1,245014.938,374300.938,294380.656,391743.469,328513.5,248827.422,210520.441,205046.164,65441.184,77054.313,53645.512,55380.355,73455.047,0,107727.672,88600.719,86082.102,35925.352,80414.445,19901.705,68295.445,945213.188,2057259.25,3370652,6130831,6562702,5093776.5,3663796.75,4043050.75,2956549,1641194,1173863.375,3636846.25,6076322.5,4818081,8456065,12937525,15433236,12640354,11192141,10062419,6480570,4482584,2471918.5,1763039.25,1093771.375,662091.938,355493.594,224910.234,132803.063,76754.688,0,0,0,0,0,0,0,0,0,0,0,0,0,0,0,0,0,0,0,0,0,0,0,0,0,0,0,0,0,0,9454.071,9626.829,9545.194,9131.218,0,7564.475,8921.766,0,0,0,0,0,0,0,0,0,0,0,,,,,
0,1017473.75,1335334.5,1329002.625,1042407.938,619826.875,425171.864,287976.583,188907.465,49872.953,55377.648,46888.004,30286.77,25643.764,24023.596,19420.275,18434.969,12098.63,12554.496,9625.654,7399.824,10737.483,31218.986,50999.254,77626.93,118385.781,119386.031,103756.859,60808.656,76150.617,41296.105,35641.332,24955.461,76599.07,107289.539,172852.703,214388.859,423830.531,491097.563,582619.875,605375.25,625207.563,572017.938,472839.281,360540.906,292516.906,217373.984,170817.719,118499.094,85741.789,62360.777,45378.961,0,0,0,0,0,0,0,0,0,0,7246.657,0,0,0,0,0,0,0,0,0,0,0,0,0,0,0,0,0,0,0,0,0,7250.401,7448.615,0,0,0,0,0,0,13331.902,0,9186.133,0,0,0,0,0,,,,,
1,89259.914,103568.648,96112.563,130380.906,123739.906,98155.477,75774.331,66586.823,24884.135,25001.555,20243.367,15480.209,15970.162,11231.208,17753.299,14420.454,14955.07,10763.633,9601.14,7714.799,7888.469,7168.034,14960.896,13160.802,22034.883,20285.064,16235.088,13335.369,13370.646,14460.782,0,9476.903,0,14268.876,21751.277,55956.664,98044.547,141938.859,166936.219,217074.203,201082.266,177354.25,146994.094,109588.781,80871.328,56096.105,35813.418,23405.641,17029.25,12378.939,7260.908,0,0,0,0,0,0,0,0,0,0,0,0,0,0,0,0,0,0,0,0,0,0,0,0,0,0,0,0,7657.354,8853.064,9161.129,12720.084,13313.331,15552.242,15354.508,16540.262,13345.765,12088.112,0,0,8936.818,0,0,0,0,0,0,0,,,,,
0,147344.531,297001.281,230268.047,336095.906,284558.406,230009.27,149229.019,109732.336,32923.977,32557.395,26484.824,18432.053,14459.049,11027.171,10738.021,9920.313,8862.524,0,0,0,0,0,0,0,0,0,0,0,0,0,0,0,0,0,0,0,12853.31,13153.382,15039.26,15768.418,13803.681,10879.046,7557.446,0,0,0,0,0,0,0,0,0,0,0,0,0,0,0,0,0,0,0,0,0,0,0,0,0,0,0,0,0,0,0,0,0,0,0,0,0,0,0,8884.873,10112.479,12967.704,15253.808,12760.435,13225.774,11905.307,9319.517,0,0,0,0,0,0,0,0,0,,,,,
0,68219.094,74017.344,67147.594,71980.516,63647.039,42804.465,44799.104,38544.808,13830.084,18137.994,19460.59,14295.53,15284.386,15668.588,17775.045,20646.053,15537.299,15585.099,14981.521,12115.354,7802.989,0,0,0,0,0,0,0,0,0,0,0,0,0,0,16428.201,26018.408,31011.768,30728.445,32634.98,27795.131,22328.168,15367.714,8926.639,0,0,0,0,0,0,0,3831.12,0,0,0,0,0,0,8221.007,10355.607,12280.64,13264.767,13228.135,15673.158,13485.523,9567.928,11411.947,7719.296,7087.785,0,0,0,0,0,0,0,0,0,0,0,8128.487,9338.214,14583.16,22942.088,24193.748,25858.229,28058.18,31002.039,33025.871,31951.477,28007.34,28572.803,20592.404,17285.768,12367.164,8680.047,8628.365,0,0,,,,,
0,1202358.625,1486020.625,1379388.75,1150497,1101956.625,743827.172,668053.219,619226.704,218515.656,226156.672,164360.766,97860.555,88529.258,69402.57,47501.691,46982.613,20064.828,26247.336,9811.661,13393.475,7316.778,51704.914,148168.344,163232,313707,269815.906,314359,255156.719,225565.672,133057.047,103310.07,83129.406,79348.195,138266.172,173258.031,293213.094,487232.719,734887.25,804211.688,1016477.875,1089005,1094662.125,953051.875,795785.125,618611.875,519968.375,418632.219,321160.813,230837.875,184710.938,120059.719,0,0,0,0,7144.153,7524.544,13108.926,13397.92,15107.834,17357.551,15497.269,14932.98,13719.709,12866.283,10957.063,0,0,0,0,0,0,0,0,0,0,0,0,0,11249.467,18736.678,25033.303,33936.789,39704.754,44444.746,53254.148,51209.844,43018.77,44672.938,40499.535,32259.877,24339.102,19829.197,15896.197,12259.463,7505.437,8077.172,0,0,,,,,
0,13634830,15925739,15958605,11484910,9777076,6343463.375,5367797.25,4320285,1452448.5,1714895.875,1762813.875,1763899.75,2126052,2258191,2744288.25,2519054.25,3369649.75,3427049.5,3378353.25,2956826.5,2904943.5,11012.029,22031.357,20903.479,32849.063,38795.277,31883.811,19960.84,15561.665,13155.308,0,0,0,14129.861,21342.928,52467.992,95845.844,148552.469,197980.156,249038.266,268440.25,230945.359,207225.844,151896.031,122700.523,83204.969,56851.113,37728.863,29527.482,18170.643,10183.903,0,0,0,0,0,0,0,0,0,0,0,0,0,0,0,0,0,0,0,0,0,0,0,0,0,0,0,0,0,0,0,0,8246.079,8498.102,10731.478,8789.002,7001.724,11349.065,0,8369.058,0,0,0,0,0,0,0,0,,,,,
1,153064.703,298924.313,233311.969,422416.531,402486.781,308906.368,268016.566,234807.821,68697.859,64434.758,50690.109,33301.191,41177.305,48202.895,53376.504,83013.523,105182.18,118476.406,140375.203,107362.648,75561.758,28510.068,49024.609,82599.281,81569.422,86255.258,83876.195,64917.258,69005.297,33731.113,30342.273,15461.313,39483.891,71004.641,101719.438,195972.281,336601.594,480643.531,582608.125,689335.563,767352.875,670737.188,598161.813,507963.969,377438.563,291816,212446.594,150610.078,103163.25,69672.047,46515.359,0,2328.481,0,11040.2,23644.793,30440.934,48517.344,73470.727,98225.414,126634.375,142638.203,177152.266,181788.25,203409.516,190476.734,164023.547,152881.984,138260.094,119443.805,104450.148,91052,78138.258,56446.52,43551.785,19977.172,32026.205,15679.757,0,0,0,0,7273.296,0,7062.296,9028.488,9250.998,7817.516,10569.945,0,0,0,0,0,0,0,0,0,0,,,,,
0,2808417.75,2129561,2594715.5,1358850.75,638591.375,268068.922,158621.449,76407.08,17265.09,14938.059,14601.687,8097.89,7909.373,7026.403,0,0,0,0,0,0,0,0,0,0,0,0,0,0,0,0,0,0,0,9069.045,11947.081,20449.832,33661.246,43970.691,48429.016,52928.328,52301.926,39079.023,34490.027,24139.801,16786.227,13073.072,8735.367,0,0,0,0,0,0,0,0,0,0,0,0,0,0,0,0,0,0,0,0,0,0,0,0,0,0,0,0,0,0,0,0,0,0,0,7936.361,11376.908,8955.912,11009.469,9277.88,8392.281,8109.068,0,0,0,0,0,0,0,0,0,0,,,,,
0,170464.875,192705.438,177213.922,185595.844,136535.625,132105.733,132068.924,152308.988,52105.824,93036.383,105807.914,123926.992,133012.797,136764.641,153606.031,153869.109,142640.891,107988.922,100830.055,62342.316,53661.254,0,0,0,0,0,0,0,0,0,0,0,0,0,7667.578,9552.898,14491.693,21378.244,22507.662,25849.641,23010.693,23343.959,16047.624,10951.028,7885.212,0,0,0,0,0,0,0,0,0,0,0,9173.422,13375.924,15447.847,17772,22995,26828.811,24578.211,25089.09,23894.031,18234.545,16015.342,13600.519,10988.284,8393.759,7304.411,0,0,0,0,0,0,0,0,12519.153,15904.602,25825.033,34015.77,42512.215,53109.785,61181.824,72108.336,62623.551,68457.078,66338.227,63776.266,55904.336,38775.688,32693.754,25949.816,21945.621,13707.942,10249.416,7314.682,,,,,